{"logging_page_id":"profilePage_45015551425","show_suggested_profiles":false,"show_follow_dialog":false,"graphql":{"user":{"biography":"","blocked_by_viewer":false,"restricted_by_viewer":false,"country_block":false,"external_url":null,"external_url_linkshimmed":null,"edge_followed_by":{"count":10},"fbid":"17841445102766943","followed_by_viewer":false,"edge_follow":{"count":1197},"follows_viewer":true,"full_name":"sisi","has_ar_effects":false,"has_clips":false,"has_guides":false,"has_channel":false,"has_blocked_viewer":false,"highlight_reel_count":0,"has_requested_viewer":false,"id":"45015551425","is_business_account":false,"is_joined_recently":true,"business_category_name":null,"overall_category_name":null,"category_enum":null,"category_name":null,"is_private":false,"is_verified":false,"edge_mutual_followed_by":{"count":0,"edges":[]},"profile_pic_url":"https://scontent-ort2-1.cdninstagram.com/v/t51.2885-19/s150x150/135766733_191303346047898_1863026869579471978_n.jpg?_nc_ht=scontent-ort2-1.cdninstagram.com&amp;_nc_ohc=Js7J37fpIxsAX9hV35L&amp;tp=1&amp;oh=423098c76dac64a2d3acd51dd100a2ef&amp;oe=60200987","profile_pic_url_hd":"https://scontent-ort2-1.cdninstagram.com/v/t51.2885-19/s320x320/135766733_191303346047898_1863026869579471978_n.jpg?_nc_ht=scontent-ort2-1.cdninstagram.com&amp;_nc_ohc=Js7J37fpIxsAX9hV35L&amp;tp=1&amp;oh=813c4c8f308f99202cbeeab3f3e1148a&amp;oe=6020BF7F","requested_by_viewer":false,"should_show_category":false,"username":"sisi_2425","connected_fb_page":null,"edge_felix_video_timeline":{"count":0,"page_info":{"has_next_page":false,"end_cursor":null},"edges":[]},"edge_owner_to_timeline_media":{"count":0,"page_info":{"has_next_page":false,"end_cursor":null},"edges":[]},"edge_saved_media":{"count":0,"page_info":{"has_next_page":false,"end_cursor":null},"edges":[]},"edge_media_collections":{"count":0,"page_info":{"has_next_page":false,"end_cursor":null},"edges":[]}}},"toast_content_on_load":null,"show_view_shop":false,"profile_pic_edit_sync_props":null}