{"logging_page_id":"profilePage_44475059520","show_suggested_profiles":false,"show_follow_dialog":false,"graphql":{"user":{"biography":"","blocked_by_viewer":false,"restricted_by_viewer":false,"country_block":false,"external_url":null,"external_url_linkshimmed":null,"edge_followed_by":{"count":51},"fbid":"17841444505609382","followed_by_viewer":false,"edge_follow":{"count":915},"follows_viewer":true,"full_name":"","has_ar_effects":false,"has_clips":false,"has_guides":false,"has_channel":false,"has_blocked_viewer":false,"highlight_reel_count":0,"has_requested_viewer":false,"id":"44475059520","is_business_account":false,"is_joined_recently":false,"business_category_name":null,"overall_category_name":null,"category_enum":null,"category_name":null,"is_private":true,"is_verified":false,"edge_mutual_followed_by":{"count":0,"edges":[]},"profile_pic_url":"https://scontent-ort2-1.cdninstagram.com/v/t51.2885-19/s150x150/124620863_1668970246604254_7410130169394653472_n.jpg?_nc_ht=scontent-ort2-1.cdninstagram.com&amp;_nc_ohc=W4PwVgqI5RMAX91M_jR&amp;tp=1&amp;oh=7dad51fa407fb5e80feee5f7cc562277&amp;oe=601E60EA","profile_pic_url_hd":"https://scontent-ort2-1.cdninstagram.com/v/t51.2885-19/s320x320/124620863_1668970246604254_7410130169394653472_n.jpg?_nc_ht=scontent-ort2-1.cdninstagram.com&amp;_nc_ohc=W4PwVgqI5RMAX91M_jR&amp;tp=1&amp;oh=b188427bbe7ff3db84e24e7dc670e5b6&amp;oe=601DFE7F","requested_by_viewer":false,"should_show_category":false,"username":"alirezaeiii380","connected_fb_page":null,"edge_felix_video_timeline":{"count":0,"page_info":{"has_next_page":false,"end_cursor":null},"edges":[]},"edge_owner_to_timeline_media":{"count":4,"page_info":{"has_next_page":false,"end_cursor":null},"edges":[]},"edge_saved_media":{"count":0,"page_info":{"has_next_page":false,"end_cursor":null},"edges":[]},"edge_media_collections":{"count":0,"page_info":{"has_next_page":false,"end_cursor":null},"edges":[]}}},"toast_content_on_load":null,"show_view_shop":false,"profile_pic_edit_sync_props":null}