{"logging_page_id":"profilePage_45021046692","show_suggested_profiles":false,"show_follow_dialog":false,"graphql":{"user":{"biography":"\u0633\u0645\u062a \u0645\u0627 \u0646\u06cc\u0627 \u06a9\u0647 \u067e\u0631 \u067e\u0631\u062a \u0645\u06cc\u06a9\u0646\u06cc\u0645","blocked_by_viewer":false,"restricted_by_viewer":false,"country_block":false,"external_url":null,"external_url_linkshimmed":null,"edge_followed_by":{"count":105},"fbid":"17841445080777630","followed_by_viewer":false,"edge_follow":{"count":1202},"follows_viewer":true,"full_name":"fazel","has_ar_effects":false,"has_clips":false,"has_guides":false,"has_channel":false,"has_blocked_viewer":false,"highlight_reel_count":0,"has_requested_viewer":false,"id":"45021046692","is_business_account":false,"is_joined_recently":true,"business_category_name":null,"overall_category_name":null,"category_enum":null,"category_name":null,"is_private":false,"is_verified":false,"edge_mutual_followed_by":{"count":0,"edges":[]},"profile_pic_url":"https://scontent-ort2-1.cdninstagram.com/v/t51.2885-19/s150x150/134723391_211470863986404_6168646516299197202_n.jpg?_nc_ht=scontent-ort2-1.cdninstagram.com&amp;_nc_ohc=Z4N-OPGLV04AX9xml7w&amp;tp=1&amp;oh=f8835f7bcd950c89e0831012789a5ed7&amp;oe=6020219C","profile_pic_url_hd":"https://scontent-ort2-1.cdninstagram.com/v/t51.2885-19/s320x320/134723391_211470863986404_6168646516299197202_n.jpg?_nc_ht=scontent-ort2-1.cdninstagram.com&amp;_nc_ohc=Z4N-OPGLV04AX9xml7w&amp;tp=1&amp;oh=776c19eee04fbb2d73137229e500a8c9&amp;oe=6020A6E4","requested_by_viewer":false,"should_show_category":false,"username":"fazeled2021","connected_fb_page":null,"edge_felix_video_timeline":{"count":0,"page_info":{"has_next_page":false,"end_cursor":null},"edges":[]},"edge_owner_to_timeline_media":{"count":1,"page_info":{"has_next_page":false,"end_cursor":null},"edges":[{"node":{"__typename":"GraphImage","id":"2477789515734305395","shortcode":"CJi4G_Jh8pz","dimensions":{"height":1080,"width":1080},"display_url":"https://scontent-ort2-1.cdninstagram.com/v/t51.2885-15/fr/e15/s1080x1080/134519669_735451067355963_4806307273396271974_n.jpg?_nc_ht=scontent-ort2-1.cdninstagram.com&amp;_nc_cat=103&amp;_nc_ohc=FKRYQ1MznHIAX-PtPDN&amp;tp=1&amp;oh=edb6fc59a668d4513b6bdcf94fbff56d&amp;oe=601DC25C","edge_media_to_tagged_user":{"edges":[]},"fact_check_overall_rating":null,"fact_check_information":null,"gating_info":null,"sharing_friction_info":{"should_have_sharing_friction":false,"bloks_app_url":null},"media_overlay_info":null,"media_preview":null,"owner":{"id":"45021046692","username":"fazeled2021"},"is_video":false,"accessibility_caption":"Photo by fazel on January 02, 2021.","edge_media_to_caption":{"edges":[]},"edge_media_to_comment":{"count":0},"comments_disabled":false,"taken_at_timestamp":1609595549,"edge_liked_by":{"count":1},"edge_media_preview_like":{"count":1},"location":null,"thumbnail_src":"https://scontent-ort2-1.cdninstagram.com/v/t51.2885-15/sh0.08/e35/s640x640/134519669_735451067355963_4806307273396271974_n.jpg?_nc_ht=scontent-ort2-1.cdninstagram.com&amp;_nc_cat=103&amp;_nc_ohc=FKRYQ1MznHIAX-PtPDN&amp;tp=1&amp;oh=08dab979e3e511385277c4c3341e0770&amp;oe=601E2493","thumbnail_resources":[{"src":"https://scontent-ort2-1.cdninstagram.com/v/t51.2885-15/e15/s150x150/134519669_735451067355963_4806307273396271974_n.jpg?_nc_ht=scontent-ort2-1.cdninstagram.com&amp;_nc_cat=103&amp;_nc_ohc=FKRYQ1MznHIAX-PtPDN&amp;tp=1&amp;oh=4d6262c8df5ee2bed6e46369c2385cc6&amp;oe=601DD630","config_width":150,"config_height":150},{"src":"https://scontent-ort2-1.cdninstagram.com/v/t51.2885-15/e15/s240x240/134519669_735451067355963_4806307273396271974_n.jpg?_nc_ht=scontent-ort2-1.cdninstagram.com&amp;_nc_cat=103&amp;_nc_ohc=FKRYQ1MznHIAX-PtPDN&amp;tp=1&amp;oh=9885405847ca37ecdcb59760cd551382&amp;oe=602187AA","config_width":240,"config_height":240},{"src":"https://scontent-ort2-1.cdninstagram.com/v/t51.2885-15/e15/s320x320/134519669_735451067355963_4806307273396271974_n.jpg?_nc_ht=scontent-ort2-1.cdninstagram.com&amp;_nc_cat=103&amp;_nc_ohc=FKRYQ1MznHIAX-PtPDN&amp;tp=1&amp;oh=7eb7f63c1f2da0804468a5783c368c80&amp;oe=601EDAD8","config_width":320,"config_height":320},{"src":"https://scontent-ort2-1.cdninstagram.com/v/t51.2885-15/e15/s480x480/134519669_735451067355963_4806307273396271974_n.jpg?_nc_ht=scontent-ort2-1.cdninstagram.com&amp;_nc_cat=103&amp;_nc_ohc=FKRYQ1MznHIAX-PtPDN&amp;tp=1&amp;oh=c9b93f74c7b65efb07c4f44dec6a3ea7&amp;oe=60200A11","config_width":480,"config_height":480},{"src":"https://scontent-ort2-1.cdninstagram.com/v/t51.2885-15/sh0.08/e35/s640x640/134519669_735451067355963_4806307273396271974_n.jpg?_nc_ht=scontent-ort2-1.cdninstagram.com&amp;_nc_cat=103&amp;_nc_ohc=FKRYQ1MznHIAX-PtPDN&amp;tp=1&amp;oh=08dab979e3e511385277c4c3341e0770&amp;oe=601E2493","config_width":640,"config_height":640}]}}]},"edge_saved_media":{"count":0,"page_info":{"has_next_page":false,"end_cursor":null},"edges":[]},"edge_media_collections":{"count":0,"page_info":{"has_next_page":false,"end_cursor":null},"edges":[]}}},"toast_content_on_load":null,"show_view_shop":false,"profile_pic_edit_sync_props":null}