{"logging_page_id":"profilePage_38766489642","show_suggested_profiles":false,"show_follow_dialog":false,"graphql":{"user":{"biography":"\u0633\u0644\u0627\u0645\u062a\u06cc \u0647\u0645\u0647 \u0627\u0648\u0646\u0627 \u06a9\u0647 \u0646\u062f\u0648\u0646\u0633\u062a\u0646 \u0642\u062f\u0631\u0645\u0648\u0646\u0648\u270a\n\u062e\u0648\u0628\u06cc \u0645\u06cc\u062e\u0648\u0627\u06cc\u0645 \u0648\u0627\u0633\u0647 \u0627\u0648\u0646\u0627 \u06a9\u0647 \u0645\u06cc\u062e\u0648\u0627\u0633\u062a\u0646 \u0628\u062f\u0645\u0648\u0646\u0648\u2764\n\u062a\u0648 \u0631\u0641\u0627\u0642\u062a\u0627 \u06af\u0630\u0627\u0634\u062a\u06cc\u0645\u060c \u0632\u06cc\u0631\u0650 \u067e\u0627\u0634\u0648\u0646 \u0646\u0631\u062f\u0628\u0648\u0646\u0648\ud83d\udea1\n#Aban\n#2002\n#Computer\n#TEHRAN","blocked_by_viewer":false,"restricted_by_viewer":false,"country_block":false,"external_url":null,"external_url_linkshimmed":null,"edge_followed_by":{"count":938},"fbid":"17841438689275811","followed_by_viewer":false,"edge_follow":{"count":941},"follows_viewer":true,"full_name":"hosein","has_ar_effects":false,"has_clips":false,"has_guides":false,"has_channel":false,"has_blocked_viewer":false,"highlight_reel_count":0,"has_requested_viewer":false,"id":"38766489642","is_business_account":false,"is_joined_recently":false,"business_category_name":null,"overall_category_name":null,"category_enum":null,"category_name":null,"is_private":false,"is_verified":false,"edge_mutual_followed_by":{"count":0,"edges":[]},"profile_pic_url":"https://scontent-ort2-1.cdninstagram.com/v/t51.2885-19/s150x150/135645656_108362907762459_4603754717114560862_n.jpg?_nc_ht=scontent-ort2-1.cdninstagram.com&amp;_nc_ohc=z9zCLGmZMOcAX-2aYvM&amp;tp=1&amp;oh=b90fcbaa865c946bb09323e83605333e&amp;oe=60200589","profile_pic_url_hd":"https://scontent-ort2-1.cdninstagram.com/v/t51.2885-19/s320x320/135645656_108362907762459_4603754717114560862_n.jpg?_nc_ht=scontent-ort2-1.cdninstagram.com&amp;_nc_ohc=z9zCLGmZMOcAX-2aYvM&amp;tp=1&amp;oh=6260b2405b5f4e6807f72a8e03fdd4f1&amp;oe=601FCBF1","requested_by_viewer":false,"should_show_category":false,"username":"tm_hosein_tm","connected_fb_page":null,"edge_felix_video_timeline":{"count":0,"page_info":{"has_next_page":false,"end_cursor":null},"edges":[]},"edge_owner_to_timeline_media":{"count":0,"page_info":{"has_next_page":false,"end_cursor":null},"edges":[]},"edge_saved_media":{"count":0,"page_info":{"has_next_page":false,"end_cursor":null},"edges":[]},"edge_media_collections":{"count":0,"page_info":{"has_next_page":false,"end_cursor":null},"edges":[]}}},"toast_content_on_load":null,"show_view_shop":false,"profile_pic_edit_sync_props":null}