{"logging_page_id":"profilePage_45200333410","show_suggested_profiles":false,"show_follow_dialog":false,"graphql":{"user":{"biography":"\u06cc\u0627\u06a9\u0648\u0632\u0627\u06cc \u062e\u0633\u062a\u0647","blocked_by_viewer":false,"restricted_by_viewer":false,"country_block":false,"external_url":null,"external_url_linkshimmed":null,"edge_followed_by":{"count":682},"fbid":"17841445282310041","followed_by_viewer":false,"edge_follow":{"count":972},"follows_viewer":true,"full_name":"\u0627\u06a9\u0628\u0631 \u0648\u0627\u0642\u0639\u06cc","has_ar_effects":false,"has_clips":false,"has_guides":false,"has_channel":false,"has_blocked_viewer":false,"highlight_reel_count":0,"has_requested_viewer":false,"id":"45200333410","is_business_account":false,"is_joined_recently":true,"business_category_name":null,"overall_category_name":null,"category_enum":null,"category_name":null,"is_private":false,"is_verified":false,"edge_mutual_followed_by":{"count":0,"edges":[]},"profile_pic_url":"https://scontent-ort2-1.cdninstagram.com/v/t51.2885-19/s150x150/135350385_932123403991427_3215039735719475504_n.jpg?_nc_ht=scontent-ort2-1.cdninstagram.com&amp;_nc_ohc=tBEYxdifX5AAX8qA_kN&amp;tp=1&amp;oh=cdaaeba156f0ac3ee399f61d8b00efea&amp;oe=601EE2EE","profile_pic_url_hd":"https://scontent-ort2-1.cdninstagram.com/v/t51.2885-19/s320x320/135350385_932123403991427_3215039735719475504_n.jpg?_nc_ht=scontent-ort2-1.cdninstagram.com&amp;_nc_ohc=tBEYxdifX5AAX8qA_kN&amp;tp=1&amp;oh=ff2058f0c2f9ad88cc94940521e5de38&amp;oe=601EF896","requested_by_viewer":false,"should_show_category":false,"username":"akbaryakoza","connected_fb_page":null,"edge_felix_video_timeline":{"count":0,"page_info":{"has_next_page":false,"end_cursor":null},"edges":[]},"edge_owner_to_timeline_media":{"count":0,"page_info":{"has_next_page":false,"end_cursor":null},"edges":[]},"edge_saved_media":{"count":0,"page_info":{"has_next_page":false,"end_cursor":null},"edges":[]},"edge_media_collections":{"count":0,"page_info":{"has_next_page":false,"end_cursor":null},"edges":[]}}},"toast_content_on_load":null,"show_view_shop":false,"profile_pic_edit_sync_props":null}