{"logging_page_id":"profilePage_44509922093","show_suggested_profiles":false,"show_follow_dialog":false,"graphql":{"user":{"biography":"\u0647\u0631 \u0686\u0647 \u067e\u0631 \u0628\u0627\u0631\u062a\u0631 \u062e\u0645\u06cc\u062f\u0647 \u062a\u0631 ...\n\u0645\u0647\u0646\u062f\u0633\u06cc \u0645\u06a9\u0627\u0646\u06cc\u06a9 \n\u0645\u0647\u0631 \u0645\u0627\u0647\u06cc","blocked_by_viewer":false,"restricted_by_viewer":false,"country_block":false,"external_url":null,"external_url_linkshimmed":null,"edge_followed_by":{"count":57},"fbid":"17841444462803740","followed_by_viewer":false,"edge_follow":{"count":5840},"follows_viewer":true,"full_name":"\u0645\u0639\u06cc\u0646 \u0645\u0647\u062f\u0648\u06cc","has_ar_effects":false,"has_clips":false,"has_guides":false,"has_channel":false,"has_blocked_viewer":false,"highlight_reel_count":0,"has_requested_viewer":false,"id":"44509922093","is_business_account":false,"is_joined_recently":false,"business_category_name":null,"overall_category_name":null,"category_enum":null,"category_name":null,"is_private":true,"is_verified":false,"edge_mutual_followed_by":{"count":0,"edges":[]},"profile_pic_url":"https://scontent-ort2-1.cdninstagram.com/v/t51.2885-19/s150x150/125077501_199408258295372_2888794496599047993_n.jpg?_nc_ht=scontent-ort2-1.cdninstagram.com&amp;_nc_ohc=OA2-GG5gDwMAX8ORLb7&amp;tp=1&amp;oh=6f9333bf96794153b6795658d75e8dc3&amp;oe=60209315","profile_pic_url_hd":"https://scontent-ort2-1.cdninstagram.com/v/t51.2885-19/s320x320/125077501_199408258295372_2888794496599047993_n.jpg?_nc_ht=scontent-ort2-1.cdninstagram.com&amp;_nc_ohc=OA2-GG5gDwMAX8ORLb7&amp;tp=1&amp;oh=d2448a12d415ccad293ea337fec62247&amp;oe=601EB26D","requested_by_viewer":false,"should_show_category":false,"username":"moein.mahdvi","connected_fb_page":null,"edge_felix_video_timeline":{"count":0,"page_info":{"has_next_page":false,"end_cursor":null},"edges":[]},"edge_owner_to_timeline_media":{"count":5,"page_info":{"has_next_page":false,"end_cursor":null},"edges":[]},"edge_saved_media":{"count":0,"page_info":{"has_next_page":false,"end_cursor":null},"edges":[]},"edge_media_collections":{"count":0,"page_info":{"has_next_page":false,"end_cursor":null},"edges":[]}}},"toast_content_on_load":null,"show_view_shop":false,"profile_pic_edit_sync_props":null}