{"logging_page_id":"profilePage_45150655903","show_suggested_profiles":false,"show_follow_dialog":false,"graphql":{"user":{"biography":"Kurd\ud83d\udc78\n\ud83c\uddee\ud83c\uddf7\ud83c\uddf9\ud83c\uddf7","blocked_by_viewer":false,"restricted_by_viewer":false,"country_block":false,"external_url":null,"external_url_linkshimmed":null,"edge_followed_by":{"count":50},"fbid":"17841445357093831","followed_by_viewer":false,"edge_follow":{"count":735},"follows_viewer":true,"full_name":"\u0647\u0646\u06af\u0627\u0645\u0647","has_ar_effects":false,"has_clips":false,"has_guides":false,"has_channel":false,"has_blocked_viewer":false,"highlight_reel_count":0,"has_requested_viewer":false,"id":"45150655903","is_business_account":false,"is_joined_recently":true,"business_category_name":null,"overall_category_name":null,"category_enum":null,"category_name":null,"is_private":true,"is_verified":false,"edge_mutual_followed_by":{"count":0,"edges":[]},"profile_pic_url":"https://scontent-ort2-1.cdninstagram.com/v/t51.2885-19/s150x150/133055554_871312603696062_3775160535477261134_n.jpg?_nc_ht=scontent-ort2-1.cdninstagram.com&amp;_nc_ohc=QX4AVBPnqOsAX_Sncj0&amp;tp=1&amp;oh=fbb5a74391f45ad82e70baf727895edc&amp;oe=601E7E7F","profile_pic_url_hd":"https://scontent-ort2-1.cdninstagram.com/v/t51.2885-19/s320x320/133055554_871312603696062_3775160535477261134_n.jpg?_nc_ht=scontent-ort2-1.cdninstagram.com&amp;_nc_ohc=QX4AVBPnqOsAX_Sncj0&amp;tp=1&amp;oh=25d54dfadc7287f63637cc3fb80e7835&amp;oe=601E8F07","requested_by_viewer":false,"should_show_category":false,"username":"hengamebaboli","connected_fb_page":null,"edge_felix_video_timeline":{"count":0,"page_info":{"has_next_page":false,"end_cursor":null},"edges":[]},"edge_owner_to_timeline_media":{"count":22,"page_info":{"has_next_page":false,"end_cursor":null},"edges":[]},"edge_saved_media":{"count":0,"page_info":{"has_next_page":false,"end_cursor":null},"edges":[]},"edge_media_collections":{"count":0,"page_info":{"has_next_page":false,"end_cursor":null},"edges":[]}}},"toast_content_on_load":null,"show_view_shop":false,"profile_pic_edit_sync_props":null}