{"logging_page_id":"profilePage_45360507654","show_suggested_profiles":false,"show_follow_dialog":false,"graphql":{"user":{"biography":"","blocked_by_viewer":false,"restricted_by_viewer":false,"country_block":false,"external_url":null,"external_url_linkshimmed":null,"edge_followed_by":{"count":93},"fbid":"17841445469620063","followed_by_viewer":false,"edge_follow":{"count":4813},"follows_viewer":true,"full_name":"I'm a bad girl;)","has_ar_effects":false,"has_clips":false,"has_guides":false,"has_channel":false,"has_blocked_viewer":false,"highlight_reel_count":0,"has_requested_viewer":false,"id":"45360507654","is_business_account":false,"is_joined_recently":true,"business_category_name":null,"overall_category_name":null,"category_enum":null,"category_name":null,"is_private":true,"is_verified":false,"edge_mutual_followed_by":{"count":0,"edges":[]},"profile_pic_url":"https://scontent-ort2-1.cdninstagram.com/v/t51.2885-19/s150x150/135047514_399019901426968_6981470430232116958_n.jpg?_nc_ht=scontent-ort2-1.cdninstagram.com&amp;_nc_ohc=QfhSYEQGGx0AX-RVh0E&amp;tp=1&amp;oh=306d8a835746038445deb7634dd8b292&amp;oe=601E7E85","profile_pic_url_hd":"https://scontent-ort2-1.cdninstagram.com/v/t51.2885-19/s320x320/135047514_399019901426968_6981470430232116958_n.jpg?_nc_ht=scontent-ort2-1.cdninstagram.com&amp;_nc_ohc=QfhSYEQGGx0AX-RVh0E&amp;tp=1&amp;oh=f68c730805f3eb96a7f6e6a68473dea8&amp;oe=601DB1FD","requested_by_viewer":false,"should_show_category":false,"username":"badbaby8633","connected_fb_page":null,"edge_felix_video_timeline":{"count":0,"page_info":{"has_next_page":false,"end_cursor":null},"edges":[]},"edge_owner_to_timeline_media":{"count":5,"page_info":{"has_next_page":false,"end_cursor":null},"edges":[]},"edge_saved_media":{"count":0,"page_info":{"has_next_page":false,"end_cursor":null},"edges":[]},"edge_media_collections":{"count":0,"page_info":{"has_next_page":false,"end_cursor":null},"edges":[]}}},"toast_content_on_load":null,"show_view_shop":false,"profile_pic_edit_sync_props":null}