{"logging_page_id":"profilePage_45056088793","show_suggested_profiles":false,"show_follow_dialog":false,"graphql":{"user":{"biography":"I'm alone","blocked_by_viewer":false,"restricted_by_viewer":false,"country_block":false,"external_url":null,"external_url_linkshimmed":null,"edge_followed_by":{"count":101},"fbid":"17841444903812011","followed_by_viewer":false,"edge_follow":{"count":5341},"follows_viewer":true,"full_name":"fatemeh","has_ar_effects":false,"has_clips":false,"has_guides":false,"has_channel":false,"has_blocked_viewer":false,"highlight_reel_count":0,"has_requested_viewer":false,"id":"45056088793","is_business_account":false,"is_joined_recently":true,"business_category_name":null,"overall_category_name":null,"category_enum":null,"category_name":null,"is_private":true,"is_verified":false,"edge_mutual_followed_by":{"count":0,"edges":[]},"profile_pic_url":"https://scontent-ort2-1.cdninstagram.com/v/t51.2885-19/s150x150/133717599_617585365655861_6491122989227772098_n.jpg?_nc_ht=scontent-ort2-1.cdninstagram.com&amp;_nc_ohc=Jt3Ve4rzuiEAX-K3cMX&amp;tp=1&amp;oh=2b9f3bbd6b54d249a1cc3d636c908b80&amp;oe=601EF4E7","profile_pic_url_hd":"https://scontent-ort2-1.cdninstagram.com/v/t51.2885-19/s320x320/133717599_617585365655861_6491122989227772098_n.jpg?_nc_ht=scontent-ort2-1.cdninstagram.com&amp;_nc_ohc=Jt3Ve4rzuiEAX-K3cMX&amp;tp=1&amp;oh=0f31a3a234f245801dcbfc7b2da6dc83&amp;oe=601DCF9F","requested_by_viewer":false,"should_show_category":false,"username":"fatemeh_khanom_b","connected_fb_page":null,"edge_felix_video_timeline":{"count":0,"page_info":{"has_next_page":false,"end_cursor":null},"edges":[]},"edge_owner_to_timeline_media":{"count":4,"page_info":{"has_next_page":false,"end_cursor":null},"edges":[]},"edge_saved_media":{"count":0,"page_info":{"has_next_page":false,"end_cursor":null},"edges":[]},"edge_media_collections":{"count":0,"page_info":{"has_next_page":false,"end_cursor":null},"edges":[]}}},"toast_content_on_load":null,"show_view_shop":false,"profile_pic_edit_sync_props":null}