{"logging_page_id":"profilePage_45212628278","show_suggested_profiles":false,"show_follow_dialog":false,"graphql":{"user":{"biography":"Live in esfahan \ud83c\udfe0\ud83c\udfe0\nI love \ud83c\udf55\ud83c\udf55\n perspolis \u2764\u2764\nplaying \u06a9\u0644\u0627\u0686 \ud83d\ude0e\ud83d\ude0e","blocked_by_viewer":false,"restricted_by_viewer":false,"country_block":false,"external_url":null,"external_url_linkshimmed":null,"edge_followed_by":{"count":203},"fbid":"17841445248351578","followed_by_viewer":false,"edge_follow":{"count":368},"follows_viewer":true,"full_name":"Ali Barahimi /\u0639\u0644\u06cc \u0628\u0631\u0627\u0647\u06cc\u0645\u06cc","has_ar_effects":false,"has_clips":false,"has_guides":false,"has_channel":false,"has_blocked_viewer":false,"highlight_reel_count":0,"has_requested_viewer":false,"id":"45212628278","is_business_account":false,"is_joined_recently":true,"business_category_name":null,"overall_category_name":null,"category_enum":null,"category_name":null,"is_private":false,"is_verified":false,"edge_mutual_followed_by":{"count":0,"edges":[]},"profile_pic_url":"https://instagram.fsaw1-8.fna.fbcdn.net/v/t51.2885-19/44884218_345707102882519_2446069589734326272_n.jpg?_nc_ht=instagram.fsaw1-8.fna.fbcdn.net&amp;_nc_ohc=-6iUzsT7M54AX-Js0iw&amp;oh=fc7b232fa9ef8fd11aeb72186ef4a000&amp;oe=60209E8F&amp;ig_cache_key=YW5vbnltb3VzX3Byb2ZpbGVfcGlj.2","profile_pic_url_hd":"https://instagram.fsaw1-8.fna.fbcdn.net/v/t51.2885-19/44884218_345707102882519_2446069589734326272_n.jpg?_nc_ht=instagram.fsaw1-8.fna.fbcdn.net&amp;_nc_ohc=-6iUzsT7M54AX-Js0iw&amp;oh=fc7b232fa9ef8fd11aeb72186ef4a000&amp;oe=60209E8F&amp;ig_cache_key=YW5vbnltb3VzX3Byb2ZpbGVfcGlj.2","requested_by_viewer":false,"should_show_category":false,"username":"ali._.pvpage1386","connected_fb_page":null,"edge_felix_video_timeline":{"count":0,"page_info":{"has_next_page":false,"end_cursor":null},"edges":[]},"edge_owner_to_timeline_media":{"count":0,"page_info":{"has_next_page":false,"end_cursor":null},"edges":[]},"edge_saved_media":{"count":0,"page_info":{"has_next_page":false,"end_cursor":null},"edges":[]},"edge_media_collections":{"count":0,"page_info":{"has_next_page":false,"end_cursor":null},"edges":[]}}},"toast_content_on_load":null,"show_view_shop":false,"profile_pic_edit_sync_props":null}