{"logging_page_id":"profilePage_8119798698","show_suggested_profiles":false,"show_follow_dialog":false,"graphql":{"user":{"biography":"\ud83c\udfe1fars kazeroon shahsaltaneh\n\ud83c\udf1cfarvardin\ud83c\udf1bmahi\ud83c\udf19","blocked_by_viewer":false,"restricted_by_viewer":false,"country_block":false,"external_url":null,"external_url_linkshimmed":null,"edge_followed_by":{"count":1313},"fbid":"17841408120964974","followed_by_viewer":false,"edge_follow":{"count":4159},"follows_viewer":true,"full_name":"\u2133\u212e\u210b\u2145\u13d0","has_ar_effects":false,"has_clips":false,"has_guides":false,"has_channel":false,"has_blocked_viewer":false,"highlight_reel_count":0,"has_requested_viewer":false,"id":"8119798698","is_business_account":false,"is_joined_recently":false,"business_category_name":null,"overall_category_name":null,"category_enum":null,"category_name":null,"is_private":true,"is_verified":false,"edge_mutual_followed_by":{"count":0,"edges":[]},"profile_pic_url":"https://scontent-ort2-1.cdninstagram.com/v/t51.2885-19/s150x150/129810376_410540486759223_3060071928270046837_n.jpg?_nc_ht=scontent-ort2-1.cdninstagram.com&amp;_nc_ohc=SO-Dgt8Y-eUAX9xE0l-&amp;tp=1&amp;oh=330e3a2e9ef30828516bc3ae4a05363f&amp;oe=601E1B38","profile_pic_url_hd":"https://scontent-ort2-1.cdninstagram.com/v/t51.2885-19/s320x320/129810376_410540486759223_3060071928270046837_n.jpg?_nc_ht=scontent-ort2-1.cdninstagram.com&amp;_nc_ohc=SO-Dgt8Y-eUAX9xE0l-&amp;tp=1&amp;oh=b0b09dafd6341c8fe075b5fc5860afe4&amp;oe=601E02D0","requested_by_viewer":false,"should_show_category":false,"username":"mehdi._.gh._.00","connected_fb_page":null,"edge_felix_video_timeline":{"count":0,"page_info":{"has_next_page":false,"end_cursor":null},"edges":[]},"edge_owner_to_timeline_media":{"count":1,"page_info":{"has_next_page":false,"end_cursor":null},"edges":[]},"edge_saved_media":{"count":0,"page_info":{"has_next_page":false,"end_cursor":null},"edges":[]},"edge_media_collections":{"count":0,"page_info":{"has_next_page":false,"end_cursor":null},"edges":[]}}},"toast_content_on_load":null,"show_view_shop":false,"profile_pic_edit_sync_props":null}