{"logging_page_id":"profilePage_45237825088","show_suggested_profiles":false,"show_follow_dialog":false,"graphql":{"user":{"biography":"","blocked_by_viewer":false,"restricted_by_viewer":false,"country_block":false,"external_url":null,"external_url_linkshimmed":null,"edge_followed_by":{"count":53},"fbid":"17841445152654728","followed_by_viewer":false,"edge_follow":{"count":645},"follows_viewer":true,"full_name":"","has_ar_effects":false,"has_clips":false,"has_guides":false,"has_channel":false,"has_blocked_viewer":false,"highlight_reel_count":0,"has_requested_viewer":false,"id":"45237825088","is_business_account":false,"is_joined_recently":true,"business_category_name":null,"overall_category_name":null,"category_enum":null,"category_name":null,"is_private":true,"is_verified":false,"edge_mutual_followed_by":{"count":0,"edges":[]},"profile_pic_url":"https://scontent-ort2-1.cdninstagram.com/v/t51.2885-19/s150x150/135088327_1329889324015982_5530308678865718548_n.jpg?_nc_ht=scontent-ort2-1.cdninstagram.com&amp;_nc_ohc=IMAZmUlnyu0AX85jv3F&amp;tp=1&amp;oh=b1564ccd2c70f14ce4cd1d95130fce19&amp;oe=601FC938","profile_pic_url_hd":"https://scontent-ort2-1.cdninstagram.com/v/t51.2885-19/s320x320/135088327_1329889324015982_5530308678865718548_n.jpg?_nc_ht=scontent-ort2-1.cdninstagram.com&amp;_nc_ohc=IMAZmUlnyu0AX85jv3F&amp;tp=1&amp;oh=5bc3eed68f6611802cf2bc44082b94b3&amp;oe=6020FD21","requested_by_viewer":false,"should_show_category":false,"username":"zahrapashayi77","connected_fb_page":null,"edge_felix_video_timeline":{"count":0,"page_info":{"has_next_page":false,"end_cursor":null},"edges":[]},"edge_owner_to_timeline_media":{"count":23,"page_info":{"has_next_page":false,"end_cursor":null},"edges":[]},"edge_saved_media":{"count":0,"page_info":{"has_next_page":false,"end_cursor":null},"edges":[]},"edge_media_collections":{"count":0,"page_info":{"has_next_page":false,"end_cursor":null},"edges":[]}}},"toast_content_on_load":null,"show_view_shop":false,"profile_pic_edit_sync_props":null}