{"logging_page_id":"profilePage_45055864194","show_suggested_profiles":false,"show_follow_dialog":false,"graphql":{"user":{"biography":"\ud83d\udc9c","blocked_by_viewer":false,"restricted_by_viewer":false,"country_block":false,"external_url":null,"external_url_linkshimmed":null,"edge_followed_by":{"count":52},"fbid":"17841444885841983","followed_by_viewer":false,"edge_follow":{"count":1001},"follows_viewer":true,"full_name":"melliii","has_ar_effects":false,"has_clips":false,"has_guides":false,"has_channel":false,"has_blocked_viewer":false,"highlight_reel_count":0,"has_requested_viewer":false,"id":"45055864194","is_business_account":false,"is_joined_recently":true,"business_category_name":null,"overall_category_name":null,"category_enum":null,"category_name":null,"is_private":true,"is_verified":false,"edge_mutual_followed_by":{"count":0,"edges":[]},"profile_pic_url":"https://scontent-ort2-1.cdninstagram.com/v/t51.2885-19/s150x150/135508541_486476039002821_3100823119286635388_n.jpg?_nc_ht=scontent-ort2-1.cdninstagram.com&amp;_nc_ohc=YgEDm3enuHQAX-DF8U9&amp;tp=1&amp;oh=3a5dcff40177def461a122bf09d520d3&amp;oe=602090F6","profile_pic_url_hd":"https://scontent-ort2-1.cdninstagram.com/v/t51.2885-19/s320x320/135508541_486476039002821_3100823119286635388_n.jpg?_nc_ht=scontent-ort2-1.cdninstagram.com&amp;_nc_ohc=YgEDm3enuHQAX-DF8U9&amp;tp=1&amp;oh=4d456182b58507cae93f80c00c5befec&amp;oe=601F918E","requested_by_viewer":false,"should_show_category":false,"username":"meli.ka1022","connected_fb_page":null,"edge_felix_video_timeline":{"count":0,"page_info":{"has_next_page":false,"end_cursor":null},"edges":[]},"edge_owner_to_timeline_media":{"count":4,"page_info":{"has_next_page":false,"end_cursor":null},"edges":[]},"edge_saved_media":{"count":0,"page_info":{"has_next_page":false,"end_cursor":null},"edges":[]},"edge_media_collections":{"count":0,"page_info":{"has_next_page":false,"end_cursor":null},"edges":[]}}},"toast_content_on_load":null,"show_view_shop":false,"profile_pic_edit_sync_props":null}