{"logging_page_id":"profilePage_44600232873","show_suggested_profiles":false,"show_follow_dialog":false,"graphql":{"user":{"biography":"","blocked_by_viewer":false,"restricted_by_viewer":false,"country_block":false,"external_url":null,"external_url_linkshimmed":null,"edge_followed_by":{"count":50},"fbid":"17841444426215029","followed_by_viewer":false,"edge_follow":{"count":4647},"follows_viewer":true,"full_name":"","has_ar_effects":false,"has_clips":false,"has_guides":false,"has_channel":false,"has_blocked_viewer":false,"highlight_reel_count":0,"has_requested_viewer":false,"id":"44600232873","is_business_account":false,"is_joined_recently":false,"business_category_name":null,"overall_category_name":null,"category_enum":null,"category_name":null,"is_private":true,"is_verified":false,"edge_mutual_followed_by":{"count":0,"edges":[]},"profile_pic_url":"https://scontent-ort2-1.cdninstagram.com/v/t51.2885-19/s150x150/129362978_3775708845775478_1082994349842243733_n.jpg?_nc_ht=scontent-ort2-1.cdninstagram.com&amp;_nc_ohc=RlbigNVMaiEAX_uK8-t&amp;tp=1&amp;oh=8ab384c00b04cd1423707e024dfce211&amp;oe=601EE59C","profile_pic_url_hd":"https://scontent-ort2-1.cdninstagram.com/v/t51.2885-19/s320x320/129362978_3775708845775478_1082994349842243733_n.jpg?_nc_ht=scontent-ort2-1.cdninstagram.com&amp;_nc_ohc=RlbigNVMaiEAX_uK8-t&amp;tp=1&amp;oh=ed629c94e2804fe2e31b8d3d48e7414e&amp;oe=601EE08D","requested_by_viewer":false,"should_show_category":false,"username":"maria.saberii7","connected_fb_page":null,"edge_felix_video_timeline":{"count":0,"page_info":{"has_next_page":false,"end_cursor":null},"edges":[]},"edge_owner_to_timeline_media":{"count":23,"page_info":{"has_next_page":false,"end_cursor":null},"edges":[]},"edge_saved_media":{"count":0,"page_info":{"has_next_page":false,"end_cursor":null},"edges":[]},"edge_media_collections":{"count":0,"page_info":{"has_next_page":false,"end_cursor":null},"edges":[]}}},"toast_content_on_load":null,"show_view_shop":false,"profile_pic_edit_sync_props":null}