{"logging_page_id":"profilePage_45007028704","show_suggested_profiles":false,"show_follow_dialog":false,"graphql":{"user":{"biography":"","blocked_by_viewer":false,"restricted_by_viewer":false,"country_block":false,"external_url":null,"external_url_linkshimmed":null,"edge_followed_by":{"count":100},"fbid":"17841445021135878","followed_by_viewer":false,"edge_follow":{"count":1947},"follows_viewer":true,"full_name":"","has_ar_effects":false,"has_clips":false,"has_guides":false,"has_channel":false,"has_blocked_viewer":false,"highlight_reel_count":0,"has_requested_viewer":false,"id":"45007028704","is_business_account":false,"is_joined_recently":true,"business_category_name":null,"overall_category_name":null,"category_enum":null,"category_name":null,"is_private":true,"is_verified":false,"edge_mutual_followed_by":{"count":0,"edges":[]},"profile_pic_url":"https://scontent-ort2-1.cdninstagram.com/v/t51.2885-19/s150x150/132460281_687907641925938_2022632760543257834_n.jpg?_nc_ht=scontent-ort2-1.cdninstagram.com&amp;_nc_ohc=5uBnSvHzSCIAX8-nriB&amp;tp=1&amp;oh=b116e3459d6120340bb46602701b0550&amp;oe=602197AE","profile_pic_url_hd":"https://scontent-ort2-1.cdninstagram.com/v/t51.2885-19/s320x320/132460281_687907641925938_2022632760543257834_n.jpg?_nc_ht=scontent-ort2-1.cdninstagram.com&amp;_nc_ohc=5uBnSvHzSCIAX8-nriB&amp;tp=1&amp;oh=ad0f1c51d8d37b7c51d89485265da204&amp;oe=601E9BD6","requested_by_viewer":false,"should_show_category":false,"username":"salar.ahmadi78","connected_fb_page":null,"edge_felix_video_timeline":{"count":0,"page_info":{"has_next_page":false,"end_cursor":null},"edges":[]},"edge_owner_to_timeline_media":{"count":22,"page_info":{"has_next_page":false,"end_cursor":null},"edges":[]},"edge_saved_media":{"count":0,"page_info":{"has_next_page":false,"end_cursor":null},"edges":[]},"edge_media_collections":{"count":0,"page_info":{"has_next_page":false,"end_cursor":null},"edges":[]}}},"toast_content_on_load":null,"show_view_shop":false,"profile_pic_edit_sync_props":null}