{"logging_page_id":"profilePage_45145982858","show_suggested_profiles":false,"show_follow_dialog":false,"graphql":{"user":{"biography":"\u0632\u0646\u062f\u06af\u06cc \u0632\u06cc\u0628\u0627\u0633\u062a \u0627\u06af\u0647 \u0645\u0647\u0631\u0628\u0648\u0646 \u062a\u0631 \u0628\u0627\u0634\u06cc\u0645\u263a\ufe0f\ud83e\udd70\u2764\ufe0f\ud83d\udd25","blocked_by_viewer":false,"restricted_by_viewer":false,"country_block":false,"external_url":null,"external_url_linkshimmed":null,"edge_followed_by":{"count":168},"fbid":"17841445325743247","followed_by_viewer":false,"edge_follow":{"count":5161},"follows_viewer":true,"full_name":"Roya","has_ar_effects":false,"has_clips":false,"has_guides":false,"has_channel":false,"has_blocked_viewer":false,"highlight_reel_count":0,"has_requested_viewer":false,"id":"45145982858","is_business_account":false,"is_joined_recently":false,"business_category_name":null,"overall_category_name":null,"category_enum":null,"category_name":null,"is_private":true,"is_verified":false,"edge_mutual_followed_by":{"count":0,"edges":[]},"profile_pic_url":"https://scontent-ort2-1.cdninstagram.com/v/t51.2885-19/s150x150/131403037_1070777366771232_4042466677075540457_n.jpg?_nc_ht=scontent-ort2-1.cdninstagram.com&amp;_nc_ohc=tnOr3ns4crUAX8R7GEw&amp;tp=1&amp;oh=5a2b4253f57e9dfb01d1929e5cb62852&amp;oe=6020F14B","profile_pic_url_hd":"https://scontent-ort2-1.cdninstagram.com/v/t51.2885-19/s320x320/131403037_1070777366771232_4042466677075540457_n.jpg?_nc_ht=scontent-ort2-1.cdninstagram.com&amp;_nc_ohc=tnOr3ns4crUAX8R7GEw&amp;tp=1&amp;oh=ecb6a90873c7512152fe52df20a5126e&amp;oe=602050DE","requested_by_viewer":false,"should_show_category":false,"username":"niraroya","connected_fb_page":null,"edge_felix_video_timeline":{"count":0,"page_info":{"has_next_page":false,"end_cursor":null},"edges":[]},"edge_owner_to_timeline_media":{"count":22,"page_info":{"has_next_page":false,"end_cursor":null},"edges":[]},"edge_saved_media":{"count":0,"page_info":{"has_next_page":false,"end_cursor":null},"edges":[]},"edge_media_collections":{"count":0,"page_info":{"has_next_page":false,"end_cursor":null},"edges":[]}}},"toast_content_on_load":null,"show_view_shop":false,"profile_pic_edit_sync_props":null}