{"logging_page_id":"profilePage_45404808688","show_suggested_profiles":false,"show_follow_dialog":false,"graphql":{"user":{"biography":"New page\nHmd\nFitnes\nOrdibeheshti","blocked_by_viewer":false,"restricted_by_viewer":false,"country_block":false,"external_url":null,"external_url_linkshimmed":null,"edge_followed_by":{"count":64},"fbid":"17841445380645601","followed_by_viewer":false,"edge_follow":{"count":3852},"follows_viewer":true,"full_name":"mariiii","has_ar_effects":false,"has_clips":false,"has_guides":false,"has_channel":false,"has_blocked_viewer":false,"highlight_reel_count":0,"has_requested_viewer":false,"id":"45404808688","is_business_account":false,"is_joined_recently":true,"business_category_name":null,"overall_category_name":null,"category_enum":null,"category_name":null,"is_private":true,"is_verified":false,"edge_mutual_followed_by":{"count":0,"edges":[]},"profile_pic_url":"https://scontent-ort2-1.cdninstagram.com/v/t51.2885-19/s150x150/134184591_737223960544729_6104557870455980867_n.jpg?_nc_ht=scontent-ort2-1.cdninstagram.com&amp;_nc_ohc=LFbIGTlc96UAX9gmXnl&amp;tp=1&amp;oh=f1ec7deae8f74000a54b8b4830066157&amp;oe=60204095","profile_pic_url_hd":"https://scontent-ort2-1.cdninstagram.com/v/t51.2885-19/s320x320/134184591_737223960544729_6104557870455980867_n.jpg?_nc_ht=scontent-ort2-1.cdninstagram.com&amp;_nc_ohc=LFbIGTlc96UAX9gmXnl&amp;tp=1&amp;oh=676a1168172c7f75416b98e1b0c13abc&amp;oe=601E266D","requested_by_viewer":false,"should_show_category":false,"username":"mariiijjjooon","connected_fb_page":null,"edge_felix_video_timeline":{"count":0,"page_info":{"has_next_page":false,"end_cursor":null},"edges":[]},"edge_owner_to_timeline_media":{"count":5,"page_info":{"has_next_page":false,"end_cursor":null},"edges":[]},"edge_saved_media":{"count":0,"page_info":{"has_next_page":false,"end_cursor":null},"edges":[]},"edge_media_collections":{"count":0,"page_info":{"has_next_page":false,"end_cursor":null},"edges":[]}}},"toast_content_on_load":null,"show_view_shop":false,"profile_pic_edit_sync_props":null}