{"logging_page_id":"profilePage_45206083983","show_suggested_profiles":false,"show_follow_dialog":false,"graphql":{"user":{"biography":"","blocked_by_viewer":false,"restricted_by_viewer":false,"country_block":false,"external_url":null,"external_url_linkshimmed":null,"edge_followed_by":{"count":100},"fbid":"17841445239500760","followed_by_viewer":false,"edge_follow":{"count":5931},"follows_viewer":true,"full_name":"","has_ar_effects":false,"has_clips":false,"has_guides":false,"has_channel":false,"has_blocked_viewer":false,"highlight_reel_count":0,"has_requested_viewer":false,"id":"45206083983","is_business_account":false,"is_joined_recently":true,"business_category_name":null,"overall_category_name":null,"category_enum":null,"category_name":null,"is_private":false,"is_verified":false,"edge_mutual_followed_by":{"count":0,"edges":[]},"profile_pic_url":"https://scontent-ort2-1.cdninstagram.com/v/t51.2885-19/s150x150/135002717_1088102738303337_5572742240356092700_n.jpg?_nc_ht=scontent-ort2-1.cdninstagram.com&amp;_nc_ohc=y8KkdEb5RugAX9JrwUa&amp;tp=1&amp;oh=c08f385772ee4ac862c4d1f567c68d6b&amp;oe=6020274B","profile_pic_url_hd":"https://scontent-ort2-1.cdninstagram.com/v/t51.2885-19/s320x320/135002717_1088102738303337_5572742240356092700_n.jpg?_nc_ht=scontent-ort2-1.cdninstagram.com&amp;_nc_ohc=y8KkdEb5RugAX9JrwUa&amp;tp=1&amp;oh=396f0659cb005c5cb3ebe3b919127add&amp;oe=601DF6DE","requested_by_viewer":false,"should_show_category":false,"username":"tatalpary","connected_fb_page":null,"edge_felix_video_timeline":{"count":0,"page_info":{"has_next_page":false,"end_cursor":null},"edges":[]},"edge_owner_to_timeline_media":{"count":4,"page_info":{"has_next_page":false,"end_cursor":null},"edges":[{"node":{"__typename":"GraphImage","id":"2476399462613253820","shortcode":"CJd8DDTB_68","dimensions":{"height":1080,"width":1080},"display_url":"https://scontent-ort2-1.cdninstagram.com/v/t51.2885-15/e35/134846857_336511640646608_4489798370869368710_n.jpg?_nc_ht=scontent-ort2-1.cdninstagram.com&amp;_nc_cat=108&amp;_nc_ohc=vaYkTW8wC2wAX8hQSvk&amp;tp=1&amp;oh=61619d76daa15026d76799c59b141598&amp;oe=6020F6A1","edge_media_to_tagged_user":{"edges":[]},"fact_check_overall_rating":null,"fact_check_information":null,"gating_info":null,"sharing_friction_info":{"should_have_sharing_friction":false,"bloks_app_url":null},"media_overlay_info":null,"media_preview":"ACoqrvLVdpKiLVGWrRRMtWSl6TdUO6jdVWCxYD1JvqqDTs0WAiLU0mkNJVl2FzRmm0tADwadmoxTs0hWGUlLSUygooooAWnU0UtAj//Z","owner":{"id":"45206083983","username":"tatalpary"},"is_video":false,"accessibility_caption":"Photo by @tatalpary on December 31, 2020.","edge_media_to_caption":{"edges":[]},"edge_media_to_comment":{"count":0},"comments_disabled":false,"taken_at_timestamp":1609429842,"edge_liked_by":{"count":1},"edge_media_preview_like":{"count":1},"location":null,"thumbnail_src":"https://scontent-ort2-1.cdninstagram.com/v/t51.2885-15/sh0.08/e35/s640x640/134846857_336511640646608_4489798370869368710_n.jpg?_nc_ht=scontent-ort2-1.cdninstagram.com&amp;_nc_cat=108&amp;_nc_ohc=vaYkTW8wC2wAX8hQSvk&amp;tp=1&amp;oh=453d2832a52d37bd24982fc99398cee6&amp;oe=601E251B","thumbnail_resources":[{"src":"https://scontent-ort2-1.cdninstagram.com/v/t51.2885-15/e35/s150x150/134846857_336511640646608_4489798370869368710_n.jpg?_nc_ht=scontent-ort2-1.cdninstagram.com&amp;_nc_cat=108&amp;_nc_ohc=vaYkTW8wC2wAX8hQSvk&amp;tp=1&amp;oh=93f18ededb7346b6050aa1de28c19b76&amp;oe=601FACA0","config_width":150,"config_height":150},{"src":"https://scontent-ort2-1.cdninstagram.com/v/t51.2885-15/e35/s240x240/134846857_336511640646608_4489798370869368710_n.jpg?_nc_ht=scontent-ort2-1.cdninstagram.com&amp;_nc_cat=108&amp;_nc_ohc=vaYkTW8wC2wAX8hQSvk&amp;tp=1&amp;oh=58bed6e3e811199c04825abf84f4866c&amp;oe=601FD39A","config_width":240,"config_height":240},{"src":"https://scontent-ort2-1.cdninstagram.com/v/t51.2885-15/e35/s320x320/134846857_336511640646608_4489798370869368710_n.jpg?_nc_ht=scontent-ort2-1.cdninstagram.com&amp;_nc_cat=108&amp;_nc_ohc=vaYkTW8wC2wAX8hQSvk&amp;tp=1&amp;oh=e8b876bbb7e2b7dd324357af21f20084&amp;oe=6020C4E8","config_width":320,"config_height":320},{"src":"https://scontent-ort2-1.cdninstagram.com/v/t51.2885-15/e35/s480x480/134846857_336511640646608_4489798370869368710_n.jpg?_nc_ht=scontent-ort2-1.cdninstagram.com&amp;_nc_cat=108&amp;_nc_ohc=vaYkTW8wC2wAX8hQSvk&amp;tp=1&amp;oh=3c8585883cb3c702e84d9df81c64160a&amp;oe=60217C21","config_width":480,"config_height":480},{"src":"https://scontent-ort2-1.cdninstagram.com/v/t51.2885-15/sh0.08/e35/s640x640/134846857_336511640646608_4489798370869368710_n.jpg?_nc_ht=scontent-ort2-1.cdninstagram.com&amp;_nc_cat=108&amp;_nc_ohc=vaYkTW8wC2wAX8hQSvk&amp;tp=1&amp;oh=453d2832a52d37bd24982fc99398cee6&amp;oe=601E251B","config_width":640,"config_height":640}]}},{"node":{"__typename":"GraphImage","id":"2476399370732829980","shortcode":"CJd8Btuh_0c","dimensions":{"height":1080,"width":1080},"display_url":"https://scontent-ort2-1.cdninstagram.com/v/t51.2885-15/e35/133860857_2708681382778349_4879901616839439702_n.jpg?_nc_ht=scontent-ort2-1.cdninstagram.com&amp;_nc_cat=105&amp;_nc_ohc=11Ghgaz4RY8AX_GF3HO&amp;tp=1&amp;oh=1d805902c3e01f41c39e6665aca568f1&amp;oe=601F6760","edge_media_to_tagged_user":{"edges":[]},"fact_check_overall_rating":null,"fact_check_information":null,"gating_info":null,"sharing_friction_info":{"should_have_sharing_friction":false,"bloks_app_url":null},"media_overlay_info":null,"media_preview":"ACoqwM0maSkoGOzRmm0UCHZpc02loGNpKWkoAKKKKBC0tJS0DEopaSmAlLRRQAUtFFAH/9k=","owner":{"id":"45206083983","username":"tatalpary"},"is_video":false,"accessibility_caption":"Photo by @tatalpary on December 31, 2020. Image may contain: night.","edge_media_to_caption":{"edges":[]},"edge_media_to_comment":{"count":0},"comments_disabled":false,"taken_at_timestamp":1609429831,"edge_liked_by":{"count":0},"edge_media_preview_like":{"count":0},"location":null,"thumbnail_src":"https://scontent-ort2-1.cdninstagram.com/v/t51.2885-15/sh0.08/e35/s640x640/133860857_2708681382778349_4879901616839439702_n.jpg?_nc_ht=scontent-ort2-1.cdninstagram.com&amp;_nc_cat=105&amp;_nc_ohc=11Ghgaz4RY8AX_GF3HO&amp;tp=1&amp;oh=ce0c25278c2e1e7fc530de65bbccb05e&amp;oe=601EFAC7","thumbnail_resources":[{"src":"https://scontent-ort2-1.cdninstagram.com/v/t51.2885-15/e35/s150x150/133860857_2708681382778349_4879901616839439702_n.jpg?_nc_ht=scontent-ort2-1.cdninstagram.com&amp;_nc_cat=105&amp;_nc_ohc=11Ghgaz4RY8AX_GF3HO&amp;tp=1&amp;oh=5e4a81337fce9426e4602ae382042d97&amp;oe=601E3DB4","config_width":150,"config_height":150},{"src":"https://scontent-ort2-1.cdninstagram.com/v/t51.2885-15/e35/s240x240/133860857_2708681382778349_4879901616839439702_n.jpg?_nc_ht=scontent-ort2-1.cdninstagram.com&amp;_nc_cat=105&amp;_nc_ohc=11Ghgaz4RY8AX_GF3HO&amp;tp=1&amp;oh=957b90ef167c7a29c0b13f029b670dcb&amp;oe=601FDCFC","config_width":240,"config_height":240},{"src":"https://scontent-ort2-1.cdninstagram.com/v/t51.2885-15/e35/s320x320/133860857_2708681382778349_4879901616839439702_n.jpg?_nc_ht=scontent-ort2-1.cdninstagram.com&amp;_nc_cat=105&amp;_nc_ohc=11Ghgaz4RY8AX_GF3HO&amp;tp=1&amp;oh=0cdb51a7c2e2d44a13597729878ecd98&amp;oe=60214C25","config_width":320,"config_height":320},{"src":"https://scontent-ort2-1.cdninstagram.com/v/t51.2885-15/e35/s480x480/133860857_2708681382778349_4879901616839439702_n.jpg?_nc_ht=scontent-ort2-1.cdninstagram.com&amp;_nc_cat=105&amp;_nc_ohc=11Ghgaz4RY8AX_GF3HO&amp;tp=1&amp;oh=cf040462190247ebbb4e5f3fa4b65631&amp;oe=601DB7E7","config_width":480,"config_height":480},{"src":"https://scontent-ort2-1.cdninstagram.com/v/t51.2885-15/sh0.08/e35/s640x640/133860857_2708681382778349_4879901616839439702_n.jpg?_nc_ht=scontent-ort2-1.cdninstagram.com&amp;_nc_cat=105&amp;_nc_ohc=11Ghgaz4RY8AX_GF3HO&amp;tp=1&amp;oh=ce0c25278c2e1e7fc530de65bbccb05e&amp;oe=601EFAC7","config_width":640,"config_height":640}]}},{"node":{"__typename":"GraphImage","id":"2476399279397491397","shortcode":"CJd8AYqhVLF","dimensions":{"height":320,"width":320},"display_url":"https://scontent-ort2-1.cdninstagram.com/v/t51.2885-15/e35/134176957_412430113437006_4097327466422576294_n.jpg?_nc_ht=scontent-ort2-1.cdninstagram.com&amp;_nc_cat=106&amp;_nc_ohc=tpyMasM9As4AX8Yz9CH&amp;tp=1&amp;oh=4c475eed63d2dd40fc4c138d293b5c7c&amp;oe=601DB8E6","edge_media_to_tagged_user":{"edges":[]},"fact_check_overall_rating":null,"fact_check_information":null,"gating_info":null,"sharing_friction_info":{"should_have_sharing_friction":false,"bloks_app_url":null},"media_overlay_info":null,"media_preview":"ACoq6PZRsp9FADNlGyn0UAM2UbKfRQAlFLRQAlFLRQAlFLUflr6UAPzziloooAKKKKACiiigD//Z","owner":{"id":"45206083983","username":"tatalpary"},"is_video":false,"accessibility_caption":"Photo by @tatalpary on December 31, 2020.","edge_media_to_caption":{"edges":[]},"edge_media_to_comment":{"count":0},"comments_disabled":false,"taken_at_timestamp":1609429820,"edge_liked_by":{"count":0},"edge_media_preview_like":{"count":0},"location":null,"thumbnail_src":"https://scontent-ort2-1.cdninstagram.com/v/t51.2885-15/e35/134176957_412430113437006_4097327466422576294_n.jpg?_nc_ht=scontent-ort2-1.cdninstagram.com&amp;_nc_cat=106&amp;_nc_ohc=tpyMasM9As4AX8Yz9CH&amp;tp=1&amp;oh=4c475eed63d2dd40fc4c138d293b5c7c&amp;oe=601DB8E6","thumbnail_resources":[{"src":"https://scontent-ort2-1.cdninstagram.com/v/t51.2885-15/e35/s150x150/134176957_412430113437006_4097327466422576294_n.jpg?_nc_ht=scontent-ort2-1.cdninstagram.com&amp;_nc_cat=106&amp;_nc_ohc=tpyMasM9As4AX8Yz9CH&amp;tp=1&amp;oh=812f1e0a5e5ff271aeda44f997ad418e&amp;oe=6020BC5B","config_width":150,"config_height":150},{"src":"https://scontent-ort2-1.cdninstagram.com/v/t51.2885-15/e35/s240x240/134176957_412430113437006_4097327466422576294_n.jpg?_nc_ht=scontent-ort2-1.cdninstagram.com&amp;_nc_cat=106&amp;_nc_ohc=tpyMasM9As4AX8Yz9CH&amp;tp=1&amp;oh=d3d8bdeb0977f210bdc16aa64ad31b92&amp;oe=602002DD","config_width":240,"config_height":240},{"src":"https://scontent-ort2-1.cdninstagram.com/v/t51.2885-15/e35/134176957_412430113437006_4097327466422576294_n.jpg?_nc_ht=scontent-ort2-1.cdninstagram.com&amp;_nc_cat=106&amp;_nc_ohc=tpyMasM9As4AX8Yz9CH&amp;tp=1&amp;oh=4c475eed63d2dd40fc4c138d293b5c7c&amp;oe=601DB8E6","config_width":320,"config_height":320},{"src":"https://scontent-ort2-1.cdninstagram.com/v/t51.2885-15/e35/134176957_412430113437006_4097327466422576294_n.jpg?_nc_ht=scontent-ort2-1.cdninstagram.com&amp;_nc_cat=106&amp;_nc_ohc=tpyMasM9As4AX8Yz9CH&amp;tp=1&amp;oh=4c475eed63d2dd40fc4c138d293b5c7c&amp;oe=601DB8E6","config_width":480,"config_height":480},{"src":"https://scontent-ort2-1.cdninstagram.com/v/t51.2885-15/e35/134176957_412430113437006_4097327466422576294_n.jpg?_nc_ht=scontent-ort2-1.cdninstagram.com&amp;_nc_cat=106&amp;_nc_ohc=tpyMasM9As4AX8Yz9CH&amp;tp=1&amp;oh=4c475eed63d2dd40fc4c138d293b5c7c&amp;oe=601DB8E6","config_width":640,"config_height":640}]}},{"node":{"__typename":"GraphImage","id":"2476399222799578045","shortcode":"CJd7_j9BbO9","dimensions":{"height":320,"width":320},"display_url":"https://scontent-ort2-1.cdninstagram.com/v/t51.2885-15/e35/133903875_785789228816471_1002497579571304208_n.jpg?_nc_ht=scontent-ort2-1.cdninstagram.com&amp;_nc_cat=111&amp;_nc_ohc=p53H4oTXgZYAX9kHi9y&amp;tp=1&amp;oh=5e6111685ff92d6af79268f752672de9&amp;oe=6021808A","edge_media_to_tagged_user":{"edges":[]},"fact_check_overall_rating":null,"fact_check_information":null,"gating_info":null,"sharing_friction_info":{"should_have_sharing_friction":false,"bloks_app_url":null},"media_overlay_info":null,"media_preview":"ACoq6PZRsp9FADNlGyn0UAM2UbKfRQAlFLRQAlFLRQAlFLUflr6UAPzziloooAKKKKACiiigD//Z","owner":{"id":"45206083983","username":"tatalpary"},"is_video":false,"accessibility_caption":"Photo by @tatalpary on December 31, 2020.","edge_media_to_caption":{"edges":[]},"edge_media_to_comment":{"count":0},"comments_disabled":false,"taken_at_timestamp":1609429813,"edge_liked_by":{"count":0},"edge_media_preview_like":{"count":0},"location":null,"thumbnail_src":"https://scontent-ort2-1.cdninstagram.com/v/t51.2885-15/e35/133903875_785789228816471_1002497579571304208_n.jpg?_nc_ht=scontent-ort2-1.cdninstagram.com&amp;_nc_cat=111&amp;_nc_ohc=p53H4oTXgZYAX9kHi9y&amp;tp=1&amp;oh=5e6111685ff92d6af79268f752672de9&amp;oe=6021808A","thumbnail_resources":[{"src":"https://scontent-ort2-1.cdninstagram.com/v/t51.2885-15/e35/s150x150/133903875_785789228816471_1002497579571304208_n.jpg?_nc_ht=scontent-ort2-1.cdninstagram.com&amp;_nc_cat=111&amp;_nc_ohc=p53H4oTXgZYAX9kHi9y&amp;tp=1&amp;oh=3ce2b055ca866105d144d06574886c14&amp;oe=601FA5B7","config_width":150,"config_height":150},{"src":"https://scontent-ort2-1.cdninstagram.com/v/t51.2885-15/e35/s240x240/133903875_785789228816471_1002497579571304208_n.jpg?_nc_ht=scontent-ort2-1.cdninstagram.com&amp;_nc_cat=111&amp;_nc_ohc=p53H4oTXgZYAX9kHi9y&amp;tp=1&amp;oh=6ae097a73329b237e105a84e16c67187&amp;oe=601F0FB1","config_width":240,"config_height":240},{"src":"https://scontent-ort2-1.cdninstagram.com/v/t51.2885-15/e35/133903875_785789228816471_1002497579571304208_n.jpg?_nc_ht=scontent-ort2-1.cdninstagram.com&amp;_nc_cat=111&amp;_nc_ohc=p53H4oTXgZYAX9kHi9y&amp;tp=1&amp;oh=5e6111685ff92d6af79268f752672de9&amp;oe=6021808A","config_width":320,"config_height":320},{"src":"https://scontent-ort2-1.cdninstagram.com/v/t51.2885-15/e35/133903875_785789228816471_1002497579571304208_n.jpg?_nc_ht=scontent-ort2-1.cdninstagram.com&amp;_nc_cat=111&amp;_nc_ohc=p53H4oTXgZYAX9kHi9y&amp;tp=1&amp;oh=5e6111685ff92d6af79268f752672de9&amp;oe=6021808A","config_width":480,"config_height":480},{"src":"https://scontent-ort2-1.cdninstagram.com/v/t51.2885-15/e35/133903875_785789228816471_1002497579571304208_n.jpg?_nc_ht=scontent-ort2-1.cdninstagram.com&amp;_nc_cat=111&amp;_nc_ohc=p53H4oTXgZYAX9kHi9y&amp;tp=1&amp;oh=5e6111685ff92d6af79268f752672de9&amp;oe=6021808A","config_width":640,"config_height":640}]}}]},"edge_saved_media":{"count":0,"page_info":{"has_next_page":false,"end_cursor":null},"edges":[]},"edge_media_collections":{"count":0,"page_info":{"has_next_page":false,"end_cursor":null},"edges":[]}}},"toast_content_on_load":null,"show_view_shop":false,"profile_pic_edit_sync_props":null}