{"logging_page_id":"profilePage_44940956126","show_suggested_profiles":false,"show_follow_dialog":false,"graphql":{"user":{"biography":"","blocked_by_viewer":false,"restricted_by_viewer":false,"country_block":false,"external_url":null,"external_url_linkshimmed":null,"edge_followed_by":{"count":77},"fbid":"17841445003787619","followed_by_viewer":false,"edge_follow":{"count":429},"follows_viewer":true,"full_name":"\u06af\u0646\u06af\u0633\u062a\u0631","has_ar_effects":false,"has_clips":false,"has_guides":false,"has_channel":false,"has_blocked_viewer":false,"highlight_reel_count":0,"has_requested_viewer":false,"id":"44940956126","is_business_account":false,"is_joined_recently":false,"business_category_name":null,"overall_category_name":null,"category_enum":null,"category_name":null,"is_private":true,"is_verified":false,"edge_mutual_followed_by":{"count":0,"edges":[]},"profile_pic_url":"https://scontent-ort2-1.cdninstagram.com/v/t51.2885-19/s150x150/129723713_860558628052199_4405419467851314092_n.jpg?_nc_ht=scontent-ort2-1.cdninstagram.com&amp;_nc_ohc=xD04yh-1aoQAX8ulTXH&amp;tp=1&amp;oh=35ccd472a7e18863abe3b4115ad1bcc9&amp;oe=601FAFFC","profile_pic_url_hd":"https://scontent-ort2-1.cdninstagram.com/v/t51.2885-19/s320x320/129723713_860558628052199_4405419467851314092_n.jpg?_nc_ht=scontent-ort2-1.cdninstagram.com&amp;_nc_ohc=xD04yh-1aoQAX8ulTXH&amp;tp=1&amp;oh=0b339c60261e8ce808162df8d7452793&amp;oe=60209C84","requested_by_viewer":false,"should_show_category":false,"username":"gangestr1","connected_fb_page":null,"edge_felix_video_timeline":{"count":0,"page_info":{"has_next_page":false,"end_cursor":null},"edges":[]},"edge_owner_to_timeline_media":{"count":4,"page_info":{"has_next_page":false,"end_cursor":null},"edges":[]},"edge_saved_media":{"count":0,"page_info":{"has_next_page":false,"end_cursor":null},"edges":[]},"edge_media_collections":{"count":0,"page_info":{"has_next_page":false,"end_cursor":null},"edges":[]}}},"toast_content_on_load":null,"show_view_shop":false,"profile_pic_edit_sync_props":null}