{"logging_page_id":"profilePage_45075872598","show_suggested_profiles":false,"show_follow_dialog":false,"graphql":{"user":{"biography":"deymahi\ud83c\udf89\ud83c\udf88\ud83c\udf81\npv\ud83d\udd10\n\u0648\u0628\u0644\u0627\u06af \u0634\u062e\u0635\u06cc","blocked_by_viewer":false,"restricted_by_viewer":false,"country_block":false,"external_url":null,"external_url_linkshimmed":null,"edge_followed_by":{"count":657},"fbid":"17841444897964484","followed_by_viewer":false,"edge_follow":{"count":2674},"follows_viewer":true,"full_name":"heliya","has_ar_effects":false,"has_clips":false,"has_guides":false,"has_channel":false,"has_blocked_viewer":false,"highlight_reel_count":0,"has_requested_viewer":false,"id":"45075872598","is_business_account":false,"is_joined_recently":true,"business_category_name":null,"overall_category_name":null,"category_enum":null,"category_name":null,"is_private":true,"is_verified":false,"edge_mutual_followed_by":{"count":0,"edges":[]},"profile_pic_url":"https://scontent-ort2-1.cdninstagram.com/v/t51.2885-19/s150x150/135311843_236220581282989_524494055830428107_n.jpg?_nc_ht=scontent-ort2-1.cdninstagram.com&amp;_nc_ohc=D3bQW4f6w2gAX8venWJ&amp;tp=1&amp;oh=078b7c981728f4279f2e16cd72a35d66&amp;oe=601DC872","profile_pic_url_hd":"https://scontent-ort2-1.cdninstagram.com/v/t51.2885-19/s320x320/135311843_236220581282989_524494055830428107_n.jpg?_nc_ht=scontent-ort2-1.cdninstagram.com&amp;_nc_ohc=D3bQW4f6w2gAX8venWJ&amp;tp=1&amp;oh=aaccc9f0c39aefe635f67032652f7f12&amp;oe=601F9C82","requested_by_viewer":false,"should_show_category":false,"username":"heliya__.pv","connected_fb_page":null,"edge_felix_video_timeline":{"count":0,"page_info":{"has_next_page":false,"end_cursor":null},"edges":[]},"edge_owner_to_timeline_media":{"count":32,"page_info":{"has_next_page":false,"end_cursor":null},"edges":[]},"edge_saved_media":{"count":0,"page_info":{"has_next_page":false,"end_cursor":null},"edges":[]},"edge_media_collections":{"count":0,"page_info":{"has_next_page":false,"end_cursor":null},"edges":[]}}},"toast_content_on_load":null,"show_view_shop":false,"profile_pic_edit_sync_props":null}