{"logging_page_id":"profilePage_45029901967","show_suggested_profiles":false,"show_follow_dialog":false,"graphql":{"user":{"biography":"Fhuff","blocked_by_viewer":false,"restricted_by_viewer":false,"country_block":false,"external_url":null,"external_url_linkshimmed":null,"edge_followed_by":{"count":4},"fbid":"17841445059028737","followed_by_viewer":false,"edge_follow":{"count":182},"follows_viewer":true,"full_name":"sadgh","has_ar_effects":false,"has_clips":false,"has_guides":false,"has_channel":false,"has_blocked_viewer":false,"highlight_reel_count":0,"has_requested_viewer":false,"id":"45029901967","is_business_account":false,"is_joined_recently":true,"business_category_name":null,"overall_category_name":null,"category_enum":null,"category_name":null,"is_private":false,"is_verified":false,"edge_mutual_followed_by":{"count":0,"edges":[]},"profile_pic_url":"https://scontent-ort2-1.cdninstagram.com/v/t51.2885-19/s150x150/134781751_3562782337162058_6662070410890665291_n.jpg?_nc_ht=scontent-ort2-1.cdninstagram.com&amp;_nc_ohc=PBY_on6AdI4AX8oCTaM&amp;tp=1&amp;oh=d558f9ea5147b1be7e40e1b5630f14f8&amp;oe=601DBC7F","profile_pic_url_hd":"https://scontent-ort2-1.cdninstagram.com/v/t51.2885-19/s320x320/134781751_3562782337162058_6662070410890665291_n.jpg?_nc_ht=scontent-ort2-1.cdninstagram.com&amp;_nc_ohc=PBY_on6AdI4AX8oCTaM&amp;tp=1&amp;oh=959a49970378703d6345ae391f20d86a&amp;oe=60217F6A","requested_by_viewer":false,"should_show_category":false,"username":"sadgh4817","connected_fb_page":null,"edge_felix_video_timeline":{"count":0,"page_info":{"has_next_page":false,"end_cursor":null},"edges":[]},"edge_owner_to_timeline_media":{"count":1,"page_info":{"has_next_page":false,"end_cursor":null},"edges":[{"node":{"__typename":"GraphImage","id":"2478619139413089965","shortcode":"CJl0vmaM56t","dimensions":{"height":750,"width":750},"display_url":"https://scontent-ort2-1.cdninstagram.com/v/t51.2885-15/e15/135038792_690501288297979_4520782821727265452_n.jpg?_nc_ht=scontent-ort2-1.cdninstagram.com&amp;_nc_cat=107&amp;_nc_ohc=ZLyXDB-Rt3AAX9GIJFU&amp;tp=1&amp;oh=ed6c05b9200938e2ddb66380b93a4068&amp;oe=601F8733","edge_media_to_tagged_user":{"edges":[]},"fact_check_overall_rating":null,"fact_check_information":null,"gating_info":null,"sharing_friction_info":{"should_have_sharing_friction":false,"bloks_app_url":null},"media_overlay_info":null,"media_preview":null,"owner":{"id":"45029901967","username":"sadgh4817"},"is_video":false,"accessibility_caption":"Photo by sadgh on January 03, 2021.","edge_media_to_caption":{"edges":[]},"edge_media_to_comment":{"count":0},"comments_disabled":false,"taken_at_timestamp":1609694448,"edge_liked_by":{"count":1},"edge_media_preview_like":{"count":1},"location":null,"thumbnail_src":"https://scontent-ort2-1.cdninstagram.com/v/t51.2885-15/e15/s640x640/135038792_690501288297979_4520782821727265452_n.jpg?_nc_ht=scontent-ort2-1.cdninstagram.com&amp;_nc_cat=107&amp;_nc_ohc=ZLyXDB-Rt3AAX9GIJFU&amp;tp=1&amp;oh=a6948e42afc8bea74da2cf6b6bce96e2&amp;oe=601EEA9B","thumbnail_resources":[{"src":"https://scontent-ort2-1.cdninstagram.com/v/t51.2885-15/e15/s150x150/135038792_690501288297979_4520782821727265452_n.jpg?_nc_ht=scontent-ort2-1.cdninstagram.com&amp;_nc_cat=107&amp;_nc_ohc=ZLyXDB-Rt3AAX9GIJFU&amp;tp=1&amp;oh=6de78964800e14ef0374226ed4077b5e&amp;oe=601F2DDA","config_width":150,"config_height":150},{"src":"https://scontent-ort2-1.cdninstagram.com/v/t51.2885-15/e15/s240x240/135038792_690501288297979_4520782821727265452_n.jpg?_nc_ht=scontent-ort2-1.cdninstagram.com&amp;_nc_cat=107&amp;_nc_ohc=ZLyXDB-Rt3AAX9GIJFU&amp;tp=1&amp;oh=45edbe680ea30a5a8244ae6447f6cd62&amp;oe=601E2F60","config_width":240,"config_height":240},{"src":"https://scontent-ort2-1.cdninstagram.com/v/t51.2885-15/e15/s320x320/135038792_690501288297979_4520782821727265452_n.jpg?_nc_ht=scontent-ort2-1.cdninstagram.com&amp;_nc_cat=107&amp;_nc_ohc=ZLyXDB-Rt3AAX9GIJFU&amp;tp=1&amp;oh=6a2458dee87cf16f2d26c0e6b8eaa441&amp;oe=60215AA2","config_width":320,"config_height":320},{"src":"https://scontent-ort2-1.cdninstagram.com/v/t51.2885-15/e15/s480x480/135038792_690501288297979_4520782821727265452_n.jpg?_nc_ht=scontent-ort2-1.cdninstagram.com&amp;_nc_cat=107&amp;_nc_ohc=ZLyXDB-Rt3AAX9GIJFU&amp;tp=1&amp;oh=8ce28f6f91f4bcb2da68f49c24cd496c&amp;oe=60217367","config_width":480,"config_height":480},{"src":"https://scontent-ort2-1.cdninstagram.com/v/t51.2885-15/e15/s640x640/135038792_690501288297979_4520782821727265452_n.jpg?_nc_ht=scontent-ort2-1.cdninstagram.com&amp;_nc_cat=107&amp;_nc_ohc=ZLyXDB-Rt3AAX9GIJFU&amp;tp=1&amp;oh=a6948e42afc8bea74da2cf6b6bce96e2&amp;oe=601EEA9B","config_width":640,"config_height":640}]}}]},"edge_saved_media":{"count":0,"page_info":{"has_next_page":false,"end_cursor":null},"edges":[]},"edge_media_collections":{"count":0,"page_info":{"has_next_page":false,"end_cursor":null},"edges":[]}}},"toast_content_on_load":null,"show_view_shop":false,"profile_pic_edit_sync_props":null}