{"logging_page_id":"profilePage_44674950175","show_suggested_profiles":false,"show_follow_dialog":false,"graphql":{"user":{"biography":"","blocked_by_viewer":false,"restricted_by_viewer":false,"country_block":false,"external_url":null,"external_url_linkshimmed":null,"edge_followed_by":{"count":83},"fbid":"17841444825254368","followed_by_viewer":false,"edge_follow":{"count":2410},"follows_viewer":true,"full_name":"sadegh_abde","has_ar_effects":false,"has_clips":false,"has_guides":false,"has_channel":false,"has_blocked_viewer":false,"highlight_reel_count":0,"has_requested_viewer":false,"id":"44674950175","is_business_account":false,"is_joined_recently":false,"business_category_name":null,"overall_category_name":null,"category_enum":null,"category_name":null,"is_private":true,"is_verified":false,"edge_mutual_followed_by":{"count":0,"edges":[]},"profile_pic_url":"https://scontent-ort2-1.cdninstagram.com/v/t51.2885-19/s150x150/126625208_434392717553367_650884916876148251_n.jpg?_nc_ht=scontent-ort2-1.cdninstagram.com&amp;_nc_ohc=ckP0Rx9B5WYAX8OEsxg&amp;tp=1&amp;oh=da0ee191ea57b07b2e52481d7c14c374&amp;oe=601DCC06","profile_pic_url_hd":"https://scontent-ort2-1.cdninstagram.com/v/t51.2885-19/s320x320/126625208_434392717553367_650884916876148251_n.jpg?_nc_ht=scontent-ort2-1.cdninstagram.com&amp;_nc_ohc=ckP0Rx9B5WYAX8OEsxg&amp;tp=1&amp;oh=5b49aa63af4c6f916939d89bdbea9017&amp;oe=601EA4F6","requested_by_viewer":false,"should_show_category":false,"username":"sadegh_abde","connected_fb_page":null,"edge_felix_video_timeline":{"count":0,"page_info":{"has_next_page":false,"end_cursor":null},"edges":[]},"edge_owner_to_timeline_media":{"count":24,"page_info":{"has_next_page":false,"end_cursor":null},"edges":[]},"edge_saved_media":{"count":0,"page_info":{"has_next_page":false,"end_cursor":null},"edges":[]},"edge_media_collections":{"count":0,"page_info":{"has_next_page":false,"end_cursor":null},"edges":[]}}},"toast_content_on_load":null,"show_view_shop":false,"profile_pic_edit_sync_props":null}