{"logging_page_id":"profilePage_45392194387","show_suggested_profiles":false,"show_follow_dialog":false,"graphql":{"user":{"biography":"Amirreza Alizadeh\nT\u00fcrk\u00e7e ne\u011fmeleri","blocked_by_viewer":false,"restricted_by_viewer":false,"country_block":false,"external_url":null,"external_url_linkshimmed":null,"edge_followed_by":{"count":50},"fbid":"17841445431614024","followed_by_viewer":false,"edge_follow":{"count":661},"follows_viewer":true,"full_name":"Amirreza Alizadeh","has_ar_effects":false,"has_clips":false,"has_guides":false,"has_channel":false,"has_blocked_viewer":false,"highlight_reel_count":0,"has_requested_viewer":false,"id":"45392194387","is_business_account":false,"is_joined_recently":true,"business_category_name":null,"overall_category_name":null,"category_enum":null,"category_name":null,"is_private":true,"is_verified":false,"edge_mutual_followed_by":{"count":0,"edges":[]},"profile_pic_url":"https://scontent-ort2-1.cdninstagram.com/v/t51.2885-19/s150x150/134763714_4127901510594348_138023959600619130_n.jpg?_nc_ht=scontent-ort2-1.cdninstagram.com&amp;_nc_ohc=7ht7JsGswXQAX-lMvoX&amp;tp=1&amp;oh=b71a22d20788c58ff46f63843e5b81ce&amp;oe=60204016","profile_pic_url_hd":"https://scontent-ort2-1.cdninstagram.com/v/t51.2885-19/s320x320/134763714_4127901510594348_138023959600619130_n.jpg?_nc_ht=scontent-ort2-1.cdninstagram.com&amp;_nc_ohc=7ht7JsGswXQAX-lMvoX&amp;tp=1&amp;oh=f341e20f66038584373b1c6789a45911&amp;oe=6020BB6E","requested_by_viewer":false,"should_show_category":false,"username":"amirrezaalizadehi","connected_fb_page":null,"edge_felix_video_timeline":{"count":0,"page_info":{"has_next_page":false,"end_cursor":null},"edges":[]},"edge_owner_to_timeline_media":{"count":4,"page_info":{"has_next_page":false,"end_cursor":null},"edges":[]},"edge_saved_media":{"count":0,"page_info":{"has_next_page":false,"end_cursor":null},"edges":[]},"edge_media_collections":{"count":0,"page_info":{"has_next_page":false,"end_cursor":null},"edges":[]}}},"toast_content_on_load":null,"show_view_shop":false,"profile_pic_edit_sync_props":null}