{"logging_page_id":"profilePage_45242273182","show_suggested_profiles":false,"show_follow_dialog":false,"graphql":{"user":{"biography":"\u0641\u0642\u0637 \u062e\u062f\u0627 \u0645\u06cc\u062a\u0648\u0646\u0647 \u0645\u062c\u0627\u0632\u0627\u062a\u0645 \u06a9\u0646\u0647\u2694","blocked_by_viewer":false,"restricted_by_viewer":false,"country_block":false,"external_url":null,"external_url_linkshimmed":null,"edge_followed_by":{"count":447},"fbid":"17841445155475284","followed_by_viewer":false,"edge_follow":{"count":670},"follows_viewer":true,"full_name":"","has_ar_effects":false,"has_clips":false,"has_guides":false,"has_channel":false,"has_blocked_viewer":false,"highlight_reel_count":0,"has_requested_viewer":false,"id":"45242273182","is_business_account":false,"is_joined_recently":true,"business_category_name":null,"overall_category_name":null,"category_enum":null,"category_name":null,"is_private":true,"is_verified":false,"edge_mutual_followed_by":{"count":0,"edges":[]},"profile_pic_url":"https://scontent-ort2-1.cdninstagram.com/v/t51.2885-19/s150x150/135595375_227267545516899_7340087672792758683_n.jpg?_nc_ht=scontent-ort2-1.cdninstagram.com&amp;_nc_ohc=sP-VmIuxn40AX9vaOJz&amp;tp=1&amp;oh=d1ee5b0148d3b51ce54c70c237db19ed&amp;oe=6020AE51","profile_pic_url_hd":"https://scontent-ort2-1.cdninstagram.com/v/t51.2885-19/s320x320/135595375_227267545516899_7340087672792758683_n.jpg?_nc_ht=scontent-ort2-1.cdninstagram.com&amp;_nc_ohc=sP-VmIuxn40AX9vaOJz&amp;tp=1&amp;oh=e4242f6d80968ab118f2dd2695a9236e&amp;oe=601DD0A9","requested_by_viewer":false,"should_show_category":false,"username":"_mohammad_beroo","connected_fb_page":null,"edge_felix_video_timeline":{"count":0,"page_info":{"has_next_page":false,"end_cursor":null},"edges":[]},"edge_owner_to_timeline_media":{"count":0,"page_info":{"has_next_page":false,"end_cursor":null},"edges":[]},"edge_saved_media":{"count":0,"page_info":{"has_next_page":false,"end_cursor":null},"edges":[]},"edge_media_collections":{"count":0,"page_info":{"has_next_page":false,"end_cursor":null},"edges":[]}}},"toast_content_on_load":null,"show_view_shop":false,"profile_pic_edit_sync_props":null}