{"logging_page_id":"profilePage_41049508819","show_suggested_profiles":false,"show_follow_dialog":false,"graphql":{"user":{"biography":"\u0641\u0642\u0637 \u062e\u062f\u0627 \ud83d\ude4f\ud83c\udffc\ud83d\ude4f\ud83c\udffc","blocked_by_viewer":false,"restricted_by_viewer":false,"country_block":false,"external_url":null,"external_url_linkshimmed":null,"edge_followed_by":{"count":84},"fbid":"17841441184571188","followed_by_viewer":false,"edge_follow":{"count":6635},"follows_viewer":true,"full_name":"liliyajonn799","has_ar_effects":false,"has_clips":false,"has_guides":false,"has_channel":false,"has_blocked_viewer":false,"highlight_reel_count":0,"has_requested_viewer":false,"id":"41049508819","is_business_account":false,"is_joined_recently":false,"business_category_name":null,"overall_category_name":null,"category_enum":null,"category_name":null,"is_private":true,"is_verified":false,"edge_mutual_followed_by":{"count":0,"edges":[]},"profile_pic_url":"https://scontent-ort2-1.cdninstagram.com/v/t51.2885-19/s150x150/118244478_646628832952243_6777673154516195382_n.jpg?_nc_ht=scontent-ort2-1.cdninstagram.com&amp;_nc_ohc=_E3zvBs9ZlAAX969ReX&amp;tp=1&amp;oh=7bcff124266f110acdd8cfdb58c128c7&amp;oe=601E00B6","profile_pic_url_hd":"https://scontent-ort2-1.cdninstagram.com/v/t51.2885-19/s320x320/118244478_646628832952243_6777673154516195382_n.jpg?_nc_ht=scontent-ort2-1.cdninstagram.com&amp;_nc_ohc=_E3zvBs9ZlAAX969ReX&amp;tp=1&amp;oh=6107447b225f5e8241cfabcee07103d0&amp;oe=601E3DCE","requested_by_viewer":false,"should_show_category":false,"username":"liliyajonn799","connected_fb_page":null,"edge_felix_video_timeline":{"count":0,"page_info":{"has_next_page":false,"end_cursor":null},"edges":[]},"edge_owner_to_timeline_media":{"count":5,"page_info":{"has_next_page":false,"end_cursor":null},"edges":[]},"edge_saved_media":{"count":0,"page_info":{"has_next_page":false,"end_cursor":null},"edges":[]},"edge_media_collections":{"count":0,"page_info":{"has_next_page":false,"end_cursor":null},"edges":[]}}},"toast_content_on_load":null,"show_view_shop":false,"profile_pic_edit_sync_props":null}