{"logging_page_id":"profilePage_5574157411","show_suggested_profiles":false,"show_follow_dialog":false,"graphql":{"user":{"biography":"\u1d00\u0274\u028f\u1d0f\u0274\u1d07 \u1d21\u029c\u1d0f \u1d21\u1d00\u0274\u1d1bs \u1d1b\u1d0f \u0262\u1d0f \u1d00\u1d21\u1d00\u028f\ud83d\ude09\u270c\ufe0f\ud83c\udffb\n\ufbab\u0631\u06aa\ufbb0 \u060e\ufbb0\u062e\u06c5\u0625\u062f \u0628\u0640\u0640\u0640\u0640\u0640\u0650\u0631\ufbab\u061b\u0628\u0640\u0640\u0640\u0640\u0640\u0650\u0631\ufbab\ud83d\ude38\ud83e\udd40\n\u0e53\u05e5 \u0452\u0454\u0e04\u0433t \u0e54\u0e4f\u0454\u0e23\u0e20't \u0e2c\u0e04\u0e20t \u0e53\u0454 t\u0e4f \u0166l\u0e40\u0433t\ud83e\udd37\u200d\u2642\ufe0f\ud83d\udc4b\ud83c\udffb\n\u062f\u0644\u0640\u060e \u0646\u0640\u060e\ufbb0\u062e\u0625\u062f \u0640\u06aa\ufbab \u0646\u0640\u0640\u0625\u0632 \u0628\u06aa\u0634\u0640\u060e\u2728\ud83d\ude38","blocked_by_viewer":false,"restricted_by_viewer":false,"country_block":false,"external_url":null,"external_url_linkshimmed":null,"edge_followed_by":{"count":1687},"fbid":"17841405682336769","followed_by_viewer":false,"edge_follow":{"count":2099},"follows_viewer":true,"full_name":"\ud83d\udeb8 \u20eb\uabed\u026a\u1d0d\u1ddf\u27c1\u20e4\ua670\ud83c\udd61\uabed\u0454\uabed\u13c3\uabed\u13af\uabed\u2752\u0336\u035e\u035f\u20df\u20df\u20df\u20df\u20df\u20df\u20df\u20df","has_ar_effects":false,"has_clips":false,"has_guides":false,"has_channel":false,"has_blocked_viewer":false,"highlight_reel_count":11,"has_requested_viewer":false,"id":"5574157411","is_business_account":false,"is_joined_recently":false,"business_category_name":null,"overall_category_name":null,"category_enum":null,"category_name":null,"is_private":false,"is_verified":false,"edge_mutual_followed_by":{"count":0,"edges":[]},"profile_pic_url":"https://scontent-ort2-1.cdninstagram.com/v/t51.2885-19/s150x150/117840397_3237350872989360_6176286176880775596_n.jpg?_nc_ht=scontent-ort2-1.cdninstagram.com&amp;_nc_ohc=gEn1Axlh9wYAX_JGODf&amp;tp=1&amp;oh=76d3c52ef3518cdae74f8c560b319d3d&amp;oe=601E6462","profile_pic_url_hd":"https://scontent-ort2-1.cdninstagram.com/v/t51.2885-19/s320x320/117840397_3237350872989360_6176286176880775596_n.jpg?_nc_ht=scontent-ort2-1.cdninstagram.com&amp;_nc_ohc=gEn1Axlh9wYAX_JGODf&amp;tp=1&amp;oh=bf217713c4bf89a75b8325bdfdfb716b&amp;oe=60206E77","requested_by_viewer":false,"should_show_category":false,"username":"reza_sh__ri","connected_fb_page":null,"edge_felix_video_timeline":{"count":0,"page_info":{"has_next_page":false,"end_cursor":null},"edges":[]},"edge_owner_to_timeline_media":{"count":0,"page_info":{"has_next_page":false,"end_cursor":null},"edges":[]},"edge_saved_media":{"count":0,"page_info":{"has_next_page":false,"end_cursor":null},"edges":[]},"edge_media_collections":{"count":0,"page_info":{"has_next_page":false,"end_cursor":null},"edges":[]}}},"toast_content_on_load":null,"show_view_shop":false,"profile_pic_edit_sync_props":null}