{"logging_page_id":"profilePage_44825015202","show_suggested_profiles":false,"show_follow_dialog":false,"graphql":{"user":{"biography":"\u0627\u0647\u0644 \u062f\u0644 \u0647\u0633\u062a\u06cc \u0641\u0627\u0644\u0648 \u06a9\u0646\ud83d\ude0b\ud83d\ude0b\ud83d\ude0b","blocked_by_viewer":false,"restricted_by_viewer":false,"country_block":false,"external_url":null,"external_url_linkshimmed":null,"edge_followed_by":{"count":122},"fbid":"17841444856083126","followed_by_viewer":false,"edge_follow":{"count":6196},"follows_viewer":true,"full_name":"","has_ar_effects":false,"has_clips":false,"has_guides":false,"has_channel":false,"has_blocked_viewer":false,"highlight_reel_count":0,"has_requested_viewer":false,"id":"44825015202","is_business_account":false,"is_joined_recently":true,"business_category_name":null,"overall_category_name":null,"category_enum":null,"category_name":null,"is_private":true,"is_verified":false,"edge_mutual_followed_by":{"count":0,"edges":[]},"profile_pic_url":"https://scontent-ort2-1.cdninstagram.com/v/t51.2885-19/s150x150/133747646_733719710894478_642362197061207772_n.jpg?_nc_ht=scontent-ort2-1.cdninstagram.com&amp;_nc_ohc=WoLfj0ta_j8AX-maE8X&amp;tp=1&amp;oh=0f67ff7e8d1c37916551ba79fbe5ef97&amp;oe=601EE4A4","profile_pic_url_hd":"https://scontent-ort2-1.cdninstagram.com/v/t51.2885-19/s320x320/133747646_733719710894478_642362197061207772_n.jpg?_nc_ht=scontent-ort2-1.cdninstagram.com&amp;_nc_ohc=WoLfj0ta_j8AX-maE8X&amp;tp=1&amp;oh=91b40890fe894b08a3bfba6f7188bdd3&amp;oe=601F3D54","requested_by_viewer":false,"should_show_category":false,"username":"nazanin.sh9923","connected_fb_page":null,"edge_felix_video_timeline":{"count":0,"page_info":{"has_next_page":false,"end_cursor":null},"edges":[]},"edge_owner_to_timeline_media":{"count":23,"page_info":{"has_next_page":false,"end_cursor":null},"edges":[]},"edge_saved_media":{"count":0,"page_info":{"has_next_page":false,"end_cursor":null},"edges":[]},"edge_media_collections":{"count":0,"page_info":{"has_next_page":false,"end_cursor":null},"edges":[]}}},"toast_content_on_load":null,"show_view_shop":false,"profile_pic_edit_sync_props":null}