{"logging_page_id":"profilePage_45061226902","show_suggested_profiles":false,"show_follow_dialog":false,"graphql":{"user":{"biography":"","blocked_by_viewer":false,"restricted_by_viewer":false,"country_block":false,"external_url":null,"external_url_linkshimmed":null,"edge_followed_by":{"count":485},"fbid":"17841444967082653","followed_by_viewer":false,"edge_follow":{"count":1080},"follows_viewer":true,"full_name":"fati__665566","has_ar_effects":false,"has_clips":false,"has_guides":false,"has_channel":false,"has_blocked_viewer":false,"highlight_reel_count":0,"has_requested_viewer":false,"id":"45061226902","is_business_account":false,"is_joined_recently":true,"business_category_name":null,"overall_category_name":null,"category_enum":null,"category_name":null,"is_private":true,"is_verified":false,"edge_mutual_followed_by":{"count":0,"edges":[]},"profile_pic_url":"https://scontent-ort2-1.cdninstagram.com/v/t51.2885-19/s150x150/134967111_2653589294952155_2563844746974488077_n.jpg?_nc_ht=scontent-ort2-1.cdninstagram.com&amp;_nc_ohc=n4hPCDX1HdIAX-MWbhs&amp;tp=1&amp;oh=cd4195f6d646a554e3d7a717eee43a54&amp;oe=601E7ECE","profile_pic_url_hd":"https://scontent-ort2-1.cdninstagram.com/v/t51.2885-19/s320x320/134967111_2653589294952155_2563844746974488077_n.jpg?_nc_ht=scontent-ort2-1.cdninstagram.com&amp;_nc_ohc=n4hPCDX1HdIAX-MWbhs&amp;tp=1&amp;oh=9c739b3477d2d063a186a801da9fda34&amp;oe=602062DB","requested_by_viewer":false,"should_show_category":false,"username":"fati__665566","connected_fb_page":null,"edge_felix_video_timeline":{"count":0,"page_info":{"has_next_page":false,"end_cursor":null},"edges":[]},"edge_owner_to_timeline_media":{"count":3,"page_info":{"has_next_page":false,"end_cursor":null},"edges":[]},"edge_saved_media":{"count":0,"page_info":{"has_next_page":false,"end_cursor":null},"edges":[]},"edge_media_collections":{"count":0,"page_info":{"has_next_page":false,"end_cursor":null},"edges":[]}}},"toast_content_on_load":null,"show_view_shop":false,"profile_pic_edit_sync_props":null}