{"logging_page_id":"profilePage_44693649566","show_suggested_profiles":false,"show_follow_dialog":false,"graphql":{"user":{"biography":"Law student\ud83d\udcda\nSingle\ud83d\udc78\nesfahan\ud83d\udc8e\nKhordadii\ud83e\uddda\u200d\u2642\ufe0f","blocked_by_viewer":false,"restricted_by_viewer":false,"country_block":false,"external_url":null,"external_url_linkshimmed":null,"edge_followed_by":{"count":117},"fbid":"17841444686986706","followed_by_viewer":false,"edge_follow":{"count":5341},"follows_viewer":true,"full_name":"","has_ar_effects":false,"has_clips":false,"has_guides":false,"has_channel":false,"has_blocked_viewer":false,"highlight_reel_count":0,"has_requested_viewer":false,"id":"44693649566","is_business_account":false,"is_joined_recently":false,"business_category_name":null,"overall_category_name":null,"category_enum":null,"category_name":null,"is_private":true,"is_verified":false,"edge_mutual_followed_by":{"count":0,"edges":[]},"profile_pic_url":"https://scontent-ort2-1.cdninstagram.com/v/t51.2885-19/s150x150/125435503_1099578440479073_3843671454858467555_n.jpg?_nc_ht=scontent-ort2-1.cdninstagram.com&amp;_nc_ohc=IZZIcpOgXgoAX-4OOJJ&amp;tp=1&amp;oh=7396e89537ff545a1a0d839296065ce6&amp;oe=602013EF","profile_pic_url_hd":"https://scontent-ort2-1.cdninstagram.com/v/t51.2885-19/s320x320/125435503_1099578440479073_3843671454858467555_n.jpg?_nc_ht=scontent-ort2-1.cdninstagram.com&amp;_nc_ohc=IZZIcpOgXgoAX-4OOJJ&amp;tp=1&amp;oh=1726f3150f47e1ddfb79f9fa50ae34f2&amp;oe=602029FA","requested_by_viewer":false,"should_show_category":false,"username":"sanaa.hasani","connected_fb_page":null,"edge_felix_video_timeline":{"count":0,"page_info":{"has_next_page":false,"end_cursor":null},"edges":[]},"edge_owner_to_timeline_media":{"count":22,"page_info":{"has_next_page":false,"end_cursor":null},"edges":[]},"edge_saved_media":{"count":0,"page_info":{"has_next_page":false,"end_cursor":null},"edges":[]},"edge_media_collections":{"count":0,"page_info":{"has_next_page":false,"end_cursor":null},"edges":[]}}},"toast_content_on_load":null,"show_view_shop":false,"profile_pic_edit_sync_props":null}