{"logging_page_id":"profilePage_44667175392","show_suggested_profiles":false,"show_follow_dialog":false,"graphql":{"user":{"biography":"\u067e\u0627\u06cc\u0647","blocked_by_viewer":false,"restricted_by_viewer":false,"country_block":false,"external_url":null,"external_url_linkshimmed":null,"edge_followed_by":{"count":141},"fbid":"17841444861763396","followed_by_viewer":false,"edge_follow":{"count":5024},"follows_viewer":true,"full_name":"ashkan.tabriz","has_ar_effects":false,"has_clips":false,"has_guides":false,"has_channel":false,"has_blocked_viewer":false,"highlight_reel_count":0,"has_requested_viewer":false,"id":"44667175392","is_business_account":false,"is_joined_recently":false,"business_category_name":null,"overall_category_name":null,"category_enum":null,"category_name":null,"is_private":true,"is_verified":false,"edge_mutual_followed_by":{"count":0,"edges":[]},"profile_pic_url":"https://scontent-ort2-1.cdninstagram.com/v/t51.2885-19/s150x150/127156338_3968464489848193_3141451364810592286_n.jpg?_nc_ht=scontent-ort2-1.cdninstagram.com&amp;_nc_ohc=fyVB_-vb2n8AX-_eSlI&amp;tp=1&amp;oh=0ea3c464542d2393c62ab67bb37181d3&amp;oe=60210499","profile_pic_url_hd":"https://scontent-ort2-1.cdninstagram.com/v/t51.2885-19/s320x320/127156338_3968464489848193_3141451364810592286_n.jpg?_nc_ht=scontent-ort2-1.cdninstagram.com&amp;_nc_ohc=fyVB_-vb2n8AX-_eSlI&amp;tp=1&amp;oh=0cf8d3b7db3ce7f43f6b40eb0cea8cc4&amp;oe=601FBC10","requested_by_viewer":false,"should_show_category":false,"username":"ashkan.tabriz39","connected_fb_page":null,"edge_felix_video_timeline":{"count":0,"page_info":{"has_next_page":false,"end_cursor":null},"edges":[]},"edge_owner_to_timeline_media":{"count":16,"page_info":{"has_next_page":false,"end_cursor":null},"edges":[]},"edge_saved_media":{"count":0,"page_info":{"has_next_page":false,"end_cursor":null},"edges":[]},"edge_media_collections":{"count":0,"page_info":{"has_next_page":false,"end_cursor":null},"edges":[]}}},"toast_content_on_load":null,"show_view_shop":false,"profile_pic_edit_sync_props":null}