{"logging_page_id":"profilePage_3821298399","show_suggested_profiles":false,"show_follow_dialog":false,"graphql":{"user":{"biography":"","blocked_by_viewer":false,"restricted_by_viewer":false,"country_block":false,"external_url":null,"external_url_linkshimmed":null,"edge_followed_by":{"count":76},"fbid":"17841403671997662","followed_by_viewer":false,"edge_follow":{"count":2466},"follows_viewer":true,"full_name":".........................","has_ar_effects":false,"has_clips":false,"has_guides":false,"has_channel":false,"has_blocked_viewer":false,"highlight_reel_count":0,"has_requested_viewer":false,"id":"3821298399","is_business_account":false,"is_joined_recently":false,"business_category_name":null,"overall_category_name":null,"category_enum":null,"category_name":null,"is_private":true,"is_verified":false,"edge_mutual_followed_by":{"count":0,"edges":[]},"profile_pic_url":"https://scontent-ort2-1.cdninstagram.com/v/t51.2885-19/s150x150/21689316_144037499535152_1467190162940231680_n.jpg?_nc_ht=scontent-ort2-1.cdninstagram.com&amp;_nc_ohc=eMdD-uuF0GUAX91crsG&amp;tp=1&amp;oh=798915cf7a7ff37e8c10380c7b88c71b&amp;oe=601E5119","profile_pic_url_hd":"https://scontent-ort2-1.cdninstagram.com/v/t51.2885-19/s320x320/21689316_144037499535152_1467190162940231680_n.jpg?_nc_ht=scontent-ort2-1.cdninstagram.com&amp;_nc_ohc=eMdD-uuF0GUAX91crsG&amp;tp=1&amp;oh=2d02f25335a984447b3863a18848a904&amp;oe=601DC3E9","requested_by_viewer":false,"should_show_category":false,"username":"darknessreborn1378","connected_fb_page":null,"edge_felix_video_timeline":{"count":0,"page_info":{"has_next_page":false,"end_cursor":null},"edges":[]},"edge_owner_to_timeline_media":{"count":10,"page_info":{"has_next_page":false,"end_cursor":null},"edges":[]},"edge_saved_media":{"count":0,"page_info":{"has_next_page":false,"end_cursor":null},"edges":[]},"edge_media_collections":{"count":0,"page_info":{"has_next_page":false,"end_cursor":null},"edges":[]}}},"toast_content_on_load":null,"show_view_shop":false,"profile_pic_edit_sync_props":null}