{"logging_page_id":"profilePage_38501080944","show_suggested_profiles":false,"show_follow_dialog":false,"graphql":{"user":{"biography":"","blocked_by_viewer":false,"restricted_by_viewer":false,"country_block":false,"external_url":null,"external_url_linkshimmed":null,"edge_followed_by":{"count":112},"fbid":"17841438428332635","followed_by_viewer":false,"edge_follow":{"count":4873},"follows_viewer":true,"full_name":"","has_ar_effects":false,"has_clips":false,"has_guides":false,"has_channel":false,"has_blocked_viewer":false,"highlight_reel_count":0,"has_requested_viewer":false,"id":"38501080944","is_business_account":false,"is_joined_recently":false,"business_category_name":null,"overall_category_name":null,"category_enum":null,"category_name":null,"is_private":true,"is_verified":false,"edge_mutual_followed_by":{"count":0,"edges":[]},"profile_pic_url":"https://scontent-ort2-1.cdninstagram.com/v/t51.2885-19/s150x150/105976654_3122585124529387_2546522252049602551_n.jpg?_nc_ht=scontent-ort2-1.cdninstagram.com&amp;_nc_ohc=98A9ed4_IRkAX9OMBCN&amp;tp=1&amp;oh=a28638ce5b72bdbb0655ee3dceec369d&amp;oe=601EAA3B","profile_pic_url_hd":"https://scontent-ort2-1.cdninstagram.com/v/t51.2885-19/s320x320/105976654_3122585124529387_2546522252049602551_n.jpg?_nc_ht=scontent-ort2-1.cdninstagram.com&amp;_nc_ohc=98A9ed4_IRkAX9OMBCN&amp;tp=1&amp;oh=c400abf4d2c7b7d79626f6e0c3591745&amp;oe=60201AAE","requested_by_viewer":false,"should_show_category":false,"username":"tintina202","connected_fb_page":null,"edge_felix_video_timeline":{"count":0,"page_info":{"has_next_page":false,"end_cursor":null},"edges":[]},"edge_owner_to_timeline_media":{"count":23,"page_info":{"has_next_page":false,"end_cursor":null},"edges":[]},"edge_saved_media":{"count":0,"page_info":{"has_next_page":false,"end_cursor":null},"edges":[]},"edge_media_collections":{"count":0,"page_info":{"has_next_page":false,"end_cursor":null},"edges":[]}}},"toast_content_on_load":null,"show_view_shop":false,"profile_pic_edit_sync_props":null}