{"logging_page_id":"profilePage_44856566570","show_suggested_profiles":false,"show_follow_dialog":false,"graphql":{"user":{"biography":"1380\ud83d\udc4c\nBox\ud83d\udcaa\ud83e\udd2b\nMordadi\u2764\nPerspolis\ud83d\ude09\nPv\ud83d\udd10\nJast god\ud83d\udc93","blocked_by_viewer":false,"restricted_by_viewer":false,"country_block":false,"external_url":null,"external_url_linkshimmed":null,"edge_followed_by":{"count":123},"fbid":"17841444837127070","followed_by_viewer":false,"edge_follow":{"count":1934},"follows_viewer":true,"full_name":"","has_ar_effects":false,"has_clips":false,"has_guides":false,"has_channel":false,"has_blocked_viewer":false,"highlight_reel_count":0,"has_requested_viewer":false,"id":"44856566570","is_business_account":false,"is_joined_recently":true,"business_category_name":null,"overall_category_name":null,"category_enum":null,"category_name":null,"is_private":true,"is_verified":false,"edge_mutual_followed_by":{"count":0,"edges":[]},"profile_pic_url":"https://scontent-ort2-1.cdninstagram.com/v/t51.2885-19/s150x150/135316644_2949437795289615_1291350304229844824_n.jpg?_nc_ht=scontent-ort2-1.cdninstagram.com&amp;_nc_ohc=yHyI6pCw3HYAX-X8Bc-&amp;tp=1&amp;oh=317231773bd33f05995476ea4f0f9f84&amp;oe=6021430E","profile_pic_url_hd":"https://scontent-ort2-1.cdninstagram.com/v/t51.2885-19/s320x320/135316644_2949437795289615_1291350304229844824_n.jpg?_nc_ht=scontent-ort2-1.cdninstagram.com&amp;_nc_ohc=yHyI6pCw3HYAX-X8Bc-&amp;tp=1&amp;oh=5101558553357e30f4561382ec8b3fd3&amp;oe=6021849B","requested_by_viewer":false,"should_show_category":false,"username":"mohana.rezayiii","connected_fb_page":null,"edge_felix_video_timeline":{"count":0,"page_info":{"has_next_page":false,"end_cursor":null},"edges":[]},"edge_owner_to_timeline_media":{"count":4,"page_info":{"has_next_page":false,"end_cursor":null},"edges":[]},"edge_saved_media":{"count":0,"page_info":{"has_next_page":false,"end_cursor":null},"edges":[]},"edge_media_collections":{"count":0,"page_info":{"has_next_page":false,"end_cursor":null},"edges":[]}}},"toast_content_on_load":null,"show_view_shop":false,"profile_pic_edit_sync_props":null}