{"logging_page_id":"profilePage_32214970540","show_suggested_profiles":false,"show_follow_dialog":false,"graphql":{"user":{"biography":"\ud83c\udf19\u06af\u0640\u0640\u0627\u0644\u0631\u06cc \u0645\u0640\u0640\u0640\u0627\u0647\ud83c\udf19\n.\n\u2b50\ufe0f\u0627\u06a9\u0633\u0633\u0648\u0631\u06cc \u0647\u0627\u06cc \u0645\u0648 \u0648 \u0634\u0646\u06cc\u0648\u0646\u2b50\ufe0f\n.\n\ud83c\udf1b\u062f\u0633\u062a\u0628\u0646\u062f\u060c\u06af\u0648\u0634\u0648\u0627\u0631\u0647 \u0648 .....\u0647\u0631\u0686\u06cc \u06a9\u0647 \u0628\u062e\u0648\u0627\u06cc\ud83c\udf1c\n.\n\ud83d\udcab\u0647\u0645 \u062a\u06a9 \u0648 \u0647\u0645 \u0639\u0645\u062f\u0647\ud83d\udcab\n.\n\u2728\u0633\u0641\u0627\u0631\u0634 \u0627\u0632 \u0637\u0631\u06cc\u0642 \u062f\u0627\u06cc\u0631\u06a9\u062a\u2728","blocked_by_viewer":false,"restricted_by_viewer":false,"country_block":false,"external_url":null,"external_url_linkshimmed":null,"edge_followed_by":{"count":3125},"fbid":"17841432236206871","followed_by_viewer":false,"edge_follow":{"count":2400},"follows_viewer":true,"full_name":"maahgalleryyy","has_ar_effects":false,"has_clips":false,"has_guides":false,"has_channel":false,"has_blocked_viewer":false,"highlight_reel_count":0,"has_requested_viewer":false,"id":"32214970540","is_business_account":false,"is_joined_recently":false,"business_category_name":null,"overall_category_name":null,"category_enum":null,"category_name":null,"is_private":true,"is_verified":false,"edge_mutual_followed_by":{"count":0,"edges":[]},"profile_pic_url":"https://scontent-ort2-1.cdninstagram.com/v/t51.2885-19/s150x150/119935166_323451735394586_7922725761420439441_n.jpg?_nc_ht=scontent-ort2-1.cdninstagram.com&amp;_nc_ohc=ax5L08Fii9kAX_6WnaJ&amp;tp=1&amp;oh=4cd482ac0296adf06a82b83bd703a88c&amp;oe=601E3780","profile_pic_url_hd":"https://scontent-ort2-1.cdninstagram.com/v/t51.2885-19/s320x320/119935166_323451735394586_7922725761420439441_n.jpg?_nc_ht=scontent-ort2-1.cdninstagram.com&amp;_nc_ohc=ax5L08Fii9kAX_6WnaJ&amp;tp=1&amp;oh=793d191015991ce1c2a59170e2b9feb3&amp;oe=601EC908","requested_by_viewer":false,"should_show_category":false,"username":"maahgalleryyy","connected_fb_page":null,"edge_felix_video_timeline":{"count":1,"page_info":{"has_next_page":false,"end_cursor":null},"edges":[]},"edge_owner_to_timeline_media":{"count":51,"page_info":{"has_next_page":false,"end_cursor":null},"edges":[]},"edge_saved_media":{"count":0,"page_info":{"has_next_page":false,"end_cursor":null},"edges":[]},"edge_media_collections":{"count":0,"page_info":{"has_next_page":false,"end_cursor":null},"edges":[]}}},"toast_content_on_load":null,"show_view_shop":false,"profile_pic_edit_sync_props":null}